FXDate,Rate
2016-12-31,1.35385
2016-12-30,1.35385
2016-12-29,1.35385
2016-12-28,1.35385
2016-12-27,1.35385
2016-12-26,1.35385
2016-12-25,1.35385
2016-12-24,1.35385
2016-12-23,1.35385
2016-12-22,1.35385
2016-12-21,1.35385
2016-12-20,1.35385
2016-12-19,1.35385
2016-12-18,1.35385
2016-12-17,1.35385
2016-12-16,1.35385
2016-12-15,1.35385
2016-12-14,1.35385
2016-12-13,1.35385
2016-12-12,1.35385
2016-12-11,1.35385
2016-12-10,1.35385
2016-12-09,1.35385
2016-12-08,1.35385
2016-12-07,1.35385
2016-12-06,1.35385
2016-12-05,1.35385
2016-12-04,1.35385
2016-12-03,1.35385
2016-12-02,1.35385
2016-12-01,1.35385
2016-11-30,1.35385
2016-11-29,1.35385
2016-11-28,1.35385
2016-11-27,1.35385
2016-11-26,1.35385
2016-11-25,1.35385
2016-11-24,1.35385
2016-11-23,1.35385
2016-11-22,1.35385
2016-11-21,1.35385
2016-11-20,1.35385
2016-11-19,1.35385
2016-11-18,1.35385
2016-11-17,1.35385
2016-11-16,1.35385
2016-11-15,1.35385
2016-11-14,1.35385
2016-11-13,1.35385
2016-11-12,1.35385
2016-11-11,1.35385
2016-11-10,1.35385
2016-11-09,1.35385
2016-11-08,1.35385
2016-11-07,1.35385
2016-11-06,1.35385
2016-11-05,1.35385
2016-11-04,1.35385
2016-11-03,1.35385
2016-11-02,1.35385
2016-11-01,1.35385
2016-10-31,1.35385
2016-10-30,1.35385
2016-10-29,1.35385
2016-10-28,1.35385
2016-10-27,1.35385
2016-10-26,1.35385
2016-10-25,1.35385
2016-10-24,1.35385
2016-10-23,1.35385
2016-10-22,1.35385
2016-10-21,1.35385
2016-10-20,1.35385
2016-10-19,1.35385
2016-10-18,1.35385
2016-10-17,1.35385
2016-10-16,1.35385
2016-10-15,1.35385
2016-10-14,1.35385
2016-10-13,1.35385
2016-10-12,1.35385
2016-10-11,1.35385
2016-10-10,1.35385
2016-10-09,1.35385
2016-10-08,1.35385
2016-10-07,1.35385
2016-10-06,1.35385
2016-10-05,1.35385
2016-10-04,1.35385
2016-10-03,1.35385
2016-10-02,1.35385
2016-10-01,1.35385
2016-09-30,1.35385
2016-09-29,1.35385
2016-09-28,1.35385
2016-09-27,1.35385
2016-09-26,1.35385
2016-09-25,1.35385
2016-09-24,1.35385
2016-09-23,1.35385
2016-09-22,1.35385
2016-09-21,1.35385
2016-09-20,1.35385
2016-09-19,1.35385
2016-09-18,1.35385
2016-09-17,1.35385
2016-09-16,1.35385
2016-09-15,1.35385
2016-09-14,1.35385
2016-09-13,1.35385
2016-09-12,1.35385
2016-09-11,1.35385
2016-09-10,1.35385
2016-09-09,1.35385
2016-09-08,1.35385
2016-09-07,1.35385
2016-09-06,1.35385
2016-09-05,1.35385
2016-09-04,1.35385
2016-09-03,1.35385
2016-09-02,1.35385
2016-09-01,1.35385
2016-08-31,1.35385
2016-08-30,1.35385
2016-08-29,1.35385
2016-08-28,1.35385
2016-08-27,1.35385
2016-08-26,1.35385
2016-08-25,1.35385
2016-08-24,1.35385
2016-08-23,1.35385
2016-08-22,1.35385
2016-08-21,1.35385
2016-08-20,1.35385
2016-08-19,1.35385
2016-08-18,1.35385
2016-08-17,1.35385
2016-08-16,1.35385
2016-08-15,1.35385
2016-08-14,1.35385
2016-08-13,1.35385
2016-08-12,1.35385
2016-08-11,1.35385
2016-08-10,1.35385
2016-08-09,1.35385
2016-08-08,1.35385
2016-08-07,1.35385
2016-08-06,1.35385
2016-08-05,1.35385
2016-08-04,1.35385
2016-08-03,1.35385
2016-08-02,1.35385
2016-08-01,1.35385
2016-07-31,1.35385
2016-07-30,1.35385
2016-07-29,1.35385
2016-07-28,1.35385
2016-07-27,1.35385
2016-07-26,1.35385
2016-07-25,1.35385
2016-07-24,1.35385
2016-07-23,1.35385
2016-07-22,1.35385
2016-07-21,1.35385
2016-07-20,1.35385
2016-07-19,1.35385
2016-07-18,1.35385
2016-07-17,1.35385
2016-07-16,1.35385
2016-07-15,1.35385
2016-07-14,1.35385
2016-07-13,1.35385
2016-07-12,1.35385
2016-07-11,1.35385
2016-07-10,1.35385
2016-07-09,1.35385
2016-07-08,1.35385
2016-07-07,1.35385
2016-07-06,1.35385
2016-07-05,1.35385
2016-07-04,1.35385
2016-07-03,1.35385
2016-07-02,1.35385
2016-07-01,1.35385
2016-06-30,1.35385
2016-06-29,1.35385
2016-06-28,1.35385
2016-06-27,1.35385
2016-06-26,1.35385
2016-06-25,1.35385
2016-06-24,1.35385
2016-06-23,1.35385
2016-06-22,1.35385
2016-06-21,1.35385
2016-06-20,1.35385
2016-06-19,1.35385
2016-06-18,1.35385
2016-06-17,1.35385
2016-06-16,1.35385
2016-06-15,1.35385
2016-06-14,1.35385
2016-06-13,1.35385
2016-06-12,1.35385
2016-06-11,1.35385
2016-06-10,1.35385
2016-06-09,1.35385
2016-06-08,1.35385
2016-06-07,1.35385
2016-06-06,1.35385
2016-06-05,1.35385
2016-06-04,1.35385
2016-06-03,1.35385
2016-06-02,1.35385
2016-06-01,1.35385
2016-05-31,1.35385
2016-05-30,1.35385
2016-05-29,1.35385
2016-05-28,1.35385
2016-05-27,1.35385
2016-05-26,1.35385
2016-05-25,1.35385
2016-05-24,1.35385
2016-05-23,1.35385
2016-05-22,1.35385
2016-05-21,1.35385
2016-05-20,1.35385
2016-05-19,1.35385
2016-05-18,1.35385
2016-05-17,1.35385
2016-05-16,1.35385
2016-05-15,1.35385
2016-05-14,1.35385
2016-05-13,1.35385
2016-05-12,1.35385
2016-05-11,1.35385
2016-05-10,1.35385
2016-05-09,1.35385
2016-05-08,1.35385
2016-05-07,1.35385
2016-05-06,1.35385
2016-05-05,1.35385
2016-05-04,1.35385
2016-05-03,1.35385
2016-05-02,1.35385
2016-05-01,1.35385
2016-04-30,1.35385
2016-04-29,1.35385
2016-04-28,1.35385
2016-04-27,1.35385
2016-04-26,1.35385
2016-04-25,1.35385
2016-04-24,1.35385
2016-04-23,1.35385
2016-04-22,1.35385
2016-04-21,1.35385
2016-04-20,1.35385
2016-04-19,1.35385
2016-04-18,1.35385
2016-04-17,1.35385
2016-04-16,1.35385
2016-04-15,1.35385
2016-04-14,1.35385
2016-04-13,1.35385
2016-04-12,1.35385
2016-04-11,1.35385
2016-04-10,1.35385
2016-04-09,1.35385
2016-04-08,1.35385
2016-04-07,1.35385
2016-04-06,1.35385
2016-04-05,1.35385
2016-04-04,1.35385
2016-04-03,1.35385
2016-04-02,1.35385
2016-04-01,1.35385
2016-03-31,1.35385
2016-03-30,1.35385
2016-03-29,1.35385
2016-03-28,1.35385
2016-03-27,1.35385
2016-03-26,1.35385
2016-03-25,1.35385
2016-03-24,1.35385
2016-03-23,1.35385
2016-03-22,1.35385
2016-03-21,1.35385
2016-03-20,1.35385
2016-03-19,1.35385
2016-03-18,1.35385
2016-03-17,1.35385
2016-03-16,1.35385
2016-03-15,1.35385
2016-03-14,1.35385
2016-03-13,1.35385
2016-03-12,1.35385
2016-03-11,1.35385
2016-03-10,1.35385
2016-03-09,1.35385
2016-03-08,1.35385
2016-03-07,1.35385
2016-03-06,1.35385
2016-03-05,1.35385
2016-03-04,1.35385
2016-03-03,1.35385
2016-03-02,1.35385
2016-03-01,1.35385
2016-02-29,1.35385
2016-02-28,1.35483
2016-02-27,1.351304
2016-02-26,1.351304
2016-02-25,1.386585
2016-02-24,1.386585
2016-02-23,1.386585
2016-02-22,1.386585
2016-02-21,1.386585
2016-02-20,1.386585
2016-02-19,1.386585
2016-02-18,1.386585
2016-02-17,1.386585
2016-02-16,1.386585
2016-02-15,1.38225
2016-02-14,1.38385
2016-02-13,1.384704
2016-02-12,1.384704
2016-02-11,1.39519
2016-02-10,1.39519
2016-02-09,1.39519
2016-02-08,1.39519
2016-02-07,1.39519
2016-02-06,1.39519
2016-02-05,1.39519
2016-02-04,1.39519
2016-02-03,1.39519
2016-02-02,1.39519
2016-02-01,1.39519
2016-01-31,1.397425
2016-01-30,1.403685
2016-01-29,1.403685
2016-01-28,1.403685
2016-01-27,1.40965
2016-01-26,1.412079
2016-01-25,1.429815
2016-01-24,1.41425
2016-01-23,1.41265
2016-01-22,1.41265
2016-01-21,1.427115
2016-01-20,1.456735
2016-01-19,1.456735
2016-01-18,1.454545
2016-01-17,1.41715
2016-01-16,1.41715
2016-01-15,1.41715
2016-01-14,1.41715
2016-01-13,1.41715
2016-01-12,1.41715
2016-01-11,1.41715
2016-01-10,1.41715
2016-01-09,1.41715
2016-01-08,1.41715
2016-01-07,1.41051
2016-01-06,1.38535
2016-01-05,1.38535
2016-01-04,1.38535
2016-01-03,1.38535
2016-01-02,1.38535
2016-01-01,1.38535
2015-12-31,1.384991
2015-12-30,1.386155
2015-12-29,1.386155
2015-12-28,1.386155
2015-12-27,1.386155
2015-12-26,1.386155
2015-12-25,1.386155
2015-12-24,1.386155
2015-12-23,1.385335
2015-12-22,1.392005
2015-12-21,1.37303
2015-12-20,1.37303
2015-12-19,1.37303
2015-12-18,1.37303
2015-12-17,1.37303
2015-12-16,1.37303
2015-12-15,1.37303
2015-12-14,1.37303
2015-12-13,1.373805
2015-12-12,1.375704
2015-12-11,1.375703
2015-12-10,1.363445
2015-12-09,1.35688
2015-12-08,1.35799
2015-12-07,1.35097
2015-12-06,1.333805
2015-12-05,1.333805
2015-12-04,1.333805
2015-12-03,1.334825
2015-12-02,1.334985
2015-12-01,1.33495
2015-11-30,1.33495
2015-11-29,1.33703
2015-11-28,1.33745
2015-11-27,1.33745
2015-11-26,1.329515
2015-11-25,1.32983
2015-11-24,1.330503
2015-11-23,1.33626
2015-11-22,1.335725
2015-11-21,1.33495
2015-11-20,1.334949
2015-11-19,1.32957
2015-11-18,1.33001
2015-11-17,1.33182
2015-11-16,1.33328
2015-11-15,1.331915
2015-11-14,1.332504
2015-11-13,1.332498
2015-11-12,1.32847
2015-11-11,1.32533
2015-11-10,1.32651
2015-11-09,1.326815
2015-11-08,1.32976
2015-11-07,1.33055
2015-11-06,1.330318
2015-11-05,1.316435
2015-11-04,1.315635
2015-11-03,1.306585
2015-11-02,1.309445
2015-11-01,1.307495
2015-10-31,1.308604
2015-10-30,1.308604
2015-10-29,1.31607
2015-10-28,1.319615
2015-10-27,1.32704
2015-10-26,1.315725
2015-10-25,1.31728
2015-10-24,1.31665
2015-10-23,1.31665
2015-10-22,1.310601
2015-10-21,1.31335
2015-10-20,1.2989
2015-10-19,1.30205
2015-10-18,1.291698
2015-10-17,1.29185
2015-10-16,1.29185
2015-10-15,1.285901
2015-10-14,1.29204
2015-10-13,1.3018
2015-10-12,1.301305
2015-10-11,1.2953
2015-10-10,1.29475
2015-10-09,1.29475
2015-10-08,1.300104
2015-10-07,1.306698
2015-10-06,1.30463
2015-10-05,1.30839
2015-10-04,1.31695
2015-10-03,1.315504
2015-10-02,1.315504
2015-10-01,1.324603
2015-09-30,1.33185
2015-09-29,1.342304
2015-09-28,1.339899
2015-09-27,1.33213
2015-09-26,1.333504
2015-09-25,1.333504
2015-09-24,1.33259
2015-09-23,1.33165
2015-09-22,1.329149
2015-09-21,1.323705
2015-09-20,1.321305
2015-09-19,1.32265
2015-09-18,1.32265
2015-09-17,1.317335
2015-09-16,1.31775
2015-09-15,1.32359
2015-09-14,1.32595
2015-09-13,1.324302
2015-09-12,1.326404
2015-09-11,1.326404
2015-09-10,1.321802
2015-09-09,1.32476
2015-09-08,1.320103
2015-09-07,1.329499
2015-09-06,1.326498
2015-09-05,1.32775
2015-09-04,1.32775
2015-09-03,1.32195
2015-09-02,1.32655
2015-09-01,1.32258
2015-08-31,1.31475
2015-08-30,1.323285
2015-08-29,1.32045
2015-08-28,1.32045
2015-08-27,1.318815
2015-08-26,1.3303
2015-08-25,1.3296
2015-08-24,1.3214
2015-08-23,1.3214
2015-08-22,1.3214
2015-08-21,1.3149
2015-08-20,1.308
2015-08-19,1.3165
2015-08-18,1.3074
2015-08-17,1.3091
2015-08-16,1.3091
2015-08-15,1.3091
2015-08-14,1.3079
2015-08-13,1.3079
2015-08-12,1.2974
2015-08-11,1.3148
2015-08-10,1.3057
2015-08-09,1.3057
2015-08-08,1.3057
2015-08-07,1.3122
2015-08-06,1.3153
2015-08-05,1.3182
2015-08-04,1.3125
2015-08-03,1.3046
2015-08-02,1.3046
2015-08-01,1.3046
2015-07-31,1.3046
2015-07-30,1.3026
2015-07-29,1.2893
2015-07-28,1.2933
2015-07-27,1.3009
2015-07-26,1.3009
2015-07-25,1.3009
2015-07-24,1.306
2015-07-23,1.3029
2015-07-22,1.3026
2015-07-21,1.2962
2015-07-20,1.2982
2015-07-19,1.2982
2015-07-18,1.2982
2015-07-17,1.2999
2015-07-16,1.2938
2015-07-15,1.2937
2015-07-14,1.2749
2015-07-13,1.2762
2015-07-12,1.2762
2015-07-11,1.2762
2015-07-10,1.2715
2015-07-09,1.2729
2015-07-08,1.2723
2015-07-07,1.274
2015-07-06,1.2626
2015-07-05,1.2626
2015-07-04,1.2626
2015-07-03,1.2571
2015-07-02,1.2566
2015-07-01,1.2473
2015-06-30,1.2473
2015-06-29,1.2382
2015-06-28,1.2382
2015-06-27,1.2382
2015-06-26,1.2359
2015-06-25,1.2347
2015-06-24,1.2415
2015-06-23,1.2327
2015-06-22,1.2288
2015-06-21,1.2288
2015-06-20,1.2288
2015-06-19,1.2279
2015-06-18,1.2209
2015-06-17,1.2308
2015-06-16,1.233
2015-06-15,1.2323
2015-06-14,1.2323
2015-06-13,1.2323
2015-06-12,1.2305
2015-06-11,1.2314
2015-06-10,1.2267
2015-06-09,1.2317
2015-06-08,1.2435
2015-06-07,1.2435
2015-06-06,1.2435
2015-06-05,1.2489
2015-06-04,1.2477
2015-06-03,1.2436
2015-06-02,1.2422
2015-06-01,1.255
2015-05-31,1.255
2015-05-30,1.255
2015-05-29,1.2466
2015-05-28,1.2477
2015-05-27,1.2484
2015-05-26,1.243
2015-05-25,1.2305
2015-05-24,1.2305
2015-05-23,1.2305
2015-05-22,1.2288
2015-05-21,1.2201
2015-05-20,1.2212
2015-05-19,1.2212
2015-05-18,1.2011
2015-05-17,1.2011
2015-05-16,1.2011
2015-05-15,1.2011
2015-05-14,1.1992
2015-05-13,1.195
2015-05-12,1.1988
2015-05-11,1.2105
2015-05-10,1.2105
2015-05-09,1.2105
2015-05-08,1.2088
2015-05-07,1.2139
2015-05-06,1.2009
2015-05-05,1.2039
2015-05-04,1.2111
2015-05-03,1.2111
2015-05-02,1.2111
2015-05-01,1.2192
2015-04-30,1.2118
2015-04-29,1.1955
2015-04-28,1.2021
2015-04-27,1.2105
2015-04-26,1.2105
2015-04-25,1.2105
2015-04-24,1.2165
2015-04-23,1.2148
2015-04-22,1.225
2015-04-21,1.2274
2015-04-20,1.2204
2015-04-19,1.2204
2015-04-18,1.2204
2015-04-17,1.2229
2015-04-16,1.2206
2015-04-15,1.255
2015-04-14,1.2603
2015-04-13,1.2565
2015-04-12,1.2565
2015-04-11,1.2594
2015-04-10,1.2561
2015-04-09,1.2485
2015-04-08,1.2483
2015-04-07,1.2468
2015-04-06,1.2479
2015-04-05,1.2479
2015-04-04,1.2527
2015-04-03,1.2601
2015-04-02,1.2654
2015-04-01,1.2699
2015-03-31,1.2642
2015-03-30,1.2611
2015-03-29,1.2611
2015-03-28,1.2516
2015-03-27,1.2474
2015-03-26,1.2504
2015-03-25,1.2508
2015-03-24,1.2554
2015-03-23,1.2549
2015-03-22,1.2549
2015-03-21,1.2655
2015-03-20,1.265
2015-03-19,1.2767
2015-03-18,1.2775
2015-03-17,1.2783
2015-03-16,1.2777
2015-03-15,1.2777
2015-03-14,1.2738
2015-03-13,1.271
2015-03-12,1.2706
2015-03-11,1.264
2015-03-10,1.26
2015-03-09,1.2621
2015-03-08,1.262
2015-03-07,1.2518
2015-03-06,1.2446
2015-03-05,1.2484
2015-03-04,1.2504
2015-03-03,1.2513
2015-03-02,1.2496
2015-03-01,1.2496
2015-02-28,1.2495
2015-02-27,1.2451
2015-02-26,1.245
2015-02-25,1.2593
2015-02-24,1.2567
2015-02-23,1.253
2015-02-22,1.253
2015-02-21,1.249
2015-02-20,1.2475
2015-02-19,1.2414
2015-02-18,1.2423
2015-02-17,1.2447
2015-02-16,1.2445
2015-02-15,1.2445
2015-02-14,1.2493
2015-02-13,1.2571
2015-02-12,1.2608
2015-02-11,1.2494
2015-02-10,1.2493
2015-02-09,1.2517
2015-02-08,1.2517
2015-02-07,1.2459
2015-02-06,1.2515
2015-02-05,1.2462
2015-02-04,1.2545
2015-02-03,1.2681
2015-02-02,1.2723
2015-02-01,1.2722
2015-01-31,1.266
2015-01-30,1.2552
2015-01-29,1.2434
2015-01-28,1.2455
2015-01-27,1.2445
2015-01-26,1.2413
2015-01-25,1.2414
2015-01-24,1.2399
2015-01-23,1.2354
2015-01-22,1.2153
2015-01-21,1.2002
2015-01-20,1.1966
2015-01-19,1.1977
2015-01-18,1.1977
2015-01-17,1.1979
2015-01-16,1.1943
2015-01-15,1.1967
2015-01-14,1.1961
2015-01-13,1.1883
2015-01-12,1.1859
2015-01-11,1.1859
2015-01-10,1.1837
2015-01-09,1.1821
2015-01-08,1.1838
2015-01-07,1.177
2015-01-06,1.1787
2015-01-05,1.178
2015-01-04,1.1779
2015-01-03,1.1669
2015-01-02,1.1613
2015-01-01,1.1599
2014-12-31,1.1627
2014-12-30,1.1626
2014-12-29,1.1621
2014-12-28,1.1621
2014-12-27,1.1615
2014-12-26,1.1629
2014-12-25,1.1617
2014-12-24,1.1624
2014-12-23,1.1611
2014-12-22,1.1601
2014-12-21,1.1601
2014-12-20,1.1593
2014-12-19,1.1618
2014-12-18,1.1635
2014-12-17,1.1643
2014-12-16,1.1587
2014-12-15,1.1576
2014-12-14,1.1576
2014-12-13,1.1547
2014-12-12,1.1487
2014-12-11,1.1458
2014-12-10,1.1465
2014-12-09,1.1447
2014-12-08,1.1428
2014-12-07,1.1428
2014-12-06,1.1405
2014-12-05,1.1367
2014-12-04,1.1385
2014-12-03,1.1354
2014-12-02,1.1402
2014-12-01,1.141
2014-11-30,1.1411
2014-11-29,1.1377
2014-11-28,1.1275
2014-11-27,1.1257
2014-11-26,1.1279
2014-11-25,1.1247
2014-11-24,1.1229
2014-11-23,1.1229
2014-11-22,1.128
2014-11-21,1.1332
2014-11-20,1.1331
2014-11-19,1.1289
2014-11-18,1.1296
2014-11-17,1.1287
2014-11-16,1.1287
2014-11-15,1.1355
2014-11-14,1.1327
2014-11-13,1.1323
2014-11-12,1.1369
2014-11-11,1.1328
2014-11-10,1.1325
2014-11-09,1.1325
2014-11-08,1.1406
2014-11-07,1.1405
2014-11-06,1.1414
2014-11-05,1.1375
2014-11-04,1.1297
2014-11-03,1.1263
2014-11-02,1.1263
2014-11-01,1.1226
2014-10-31,1.1193
2014-10-30,1.1161
2014-10-29,1.122
2014-10-28,1.1232
2014-10-27,1.1233
2014-10-26,1.1233
2014-10-25,1.1221
2014-10-24,1.1243
2014-10-23,1.1227
2014-10-22,1.1253
2014-10-21,1.1273
2014-10-20,1.1273
2014-10-19,1.1273
2014-10-18,1.125
2014-10-17,1.1277
2014-10-16,1.1319
2014-10-15,1.1231
2014-10-14,1.12
2014-10-13,1.1192
2014-10-12,1.1192
2014-10-11,1.1194
2014-10-10,1.1116
2014-10-09,1.1168
2014-10-08,1.1164
2014-10-07,1.1216
2014-10-06,1.124
2014-10-05,1.124
2014-10-04,1.1199
2014-10-03,1.1132
2014-10-02,1.1197
2014-10-01,1.117
2014-09-30,1.1156
2014-09-29,1.1153
2014-09-28,1.1153
2014-09-27,1.1125
2014-09-26,1.1092
2014-09-25,1.1076
2014-09-24,1.1037
2014-09-23,1.0979
2014-09-22,1.0959
2014-09-21,1.0959
2014-09-20,1.0951
2014-09-19,1.0984
2014-09-18,1.0966
2014-09-17,1.1033
2014-09-16,1.1077
2014-09-15,1.1087
2014-09-14,1.1087
2014-09-13,1.1058
2014-09-12,1.0987
2014-09-11,1.0973
2014-09-10,1.0991
2014-09-09,1.0911
2014-09-08,1.0879
2014-09-07,1.0879
2014-09-06,1.0881
2014-09-05,1.0881
2014-09-04,1.0909
2014-09-03,1.0902
2014-09-02,1.0867
2014-09-01,1.0876
2014-08-31,1.0873
2014-08-30,1.0856
2014-08-29,1.0853
2014-08-28,1.0905
2014-08-27,1.0968
2014-08-26,1.0962
2014-08-25,1.0937
2014-08-24,1.0937
2014-08-23,1.0944
2014-08-22,1.0964
2014-08-21,1.0948
2014-08-20,1.0908
2014-08-19,1.0885
2014-08-18,1.0894
2014-08-17,1.0894
2014-08-16,1.0896
2014-08-15,1.0908
2014-08-14,1.0922
2014-08-13,1.0936
2014-08-12,1.0958
2014-08-11,1.0971
2014-08-10,1.0969
2014-08-09,1.0944
2014-08-08,1.0921
2014-08-07,1.0953
2014-08-06,1.0932
2014-08-05,1.092
2014-08-04,1.0913
2014-08-03,1.0913
2014-08-02,1.0916
2014-08-01,1.0903
2014-07-31,1.0872
2014-07-30,1.0819
2014-07-29,1.0808
2014-07-28,1.0807
2014-07-27,1.0807
2014-07-26,1.0766
2014-07-25,1.0735
2014-07-24,1.0731
2014-07-23,1.074
2014-07-22,1.0738
2014-07-21,1.0732
2014-07-20,1.0732
2014-07-19,1.0745
2014-07-18,1.0742
2014-07-17,1.0758
2014-07-16,1.0734
2014-07-15,1.073
2014-07-14,1.0731
2014-07-13,1.0731
2014-07-12,1.0669
2014-07-11,1.0657
2014-07-10,1.0668
2014-07-09,1.068
2014-07-08,1.0657
2014-07-07,1.0649
2014-07-06,1.065
2014-07-05,1.064
2014-07-04,1.0656
2014-07-03,1.0644
2014-07-02,1.066
2014-07-01,1.0673
2014-06-30,1.0661
2014-06-29,1.0661
2014-06-28,1.0682
2014-06-27,1.071
2014-06-26,1.0737
2014-06-25,1.0729
2014-06-24,1.0735
2014-06-23,1.0754
2014-06-22,1.0754
2014-06-21,1.0797
2014-06-20,1.0825
2014-06-19,1.0864
2014-06-18,1.0856
2014-06-17,1.0856
2014-06-16,1.0855
2014-06-15,1.0855
2014-06-14,1.0857
2014-06-13,1.0859
2014-06-12,1.0887
2014-06-11,1.0906
2014-06-10,1.0921
2014-06-09,1.0927
2014-06-08,1.0927
2014-06-07,1.0925
2014-06-06,1.0939
2014-06-05,1.093
2014-06-04,1.0905
2014-06-03,1.0868
2014-06-02,1.0842
2014-06-01,1.0842
2014-05-31,1.0839
2014-05-30,1.0857
2014-05-29,1.086
2014-05-28,1.0851
2014-05-27,1.0862
2014-05-26,1.0863
2014-05-25,1.0863
2014-05-24,1.0888
2014-05-23,1.0906
2014-05-22,1.0913
2014-05-21,1.0886
2014-05-20,1.0861
2014-05-19,1.0857
2014-05-18,1.0857
2014-05-17,1.0874
2014-05-16,1.0876
2014-05-15,1.0899
2014-05-14,1.0902
2014-05-13,1.0893
2014-05-12,1.0894
2014-05-11,1.0894
2014-05-10,1.0852
2014-05-09,1.0874
2014-05-08,1.089
2014-05-07,1.0928
2014-05-06,1.0968
2014-05-05,1.0973
2014-05-04,1.0973
2014-05-03,1.0968
2014-05-02,1.0969
2014-05-01,1.0956
2014-04-30,1.0992
2014-04-29,1.1029
2014-04-28,1.1037
2014-04-27,1.1037
2014-04-26,1.1028
2014-04-25,1.1028
2014-04-24,1.1032
2014-04-23,1.1019
2014-04-22,1.102
2014-04-21,1.1019
2014-04-20,1.1019
2014-04-19,1.101
2014-04-18,1.1004
2014-04-17,1.0992
2014-04-16,1.0981
2014-04-15,1.0973
2014-04-14,1.0975
2014-04-13,1.0975
2014-04-12,1.0946
2014-04-11,1.0897
2014-04-10,1.0915
2014-04-09,1.0946
2014-04-08,1.0978
2014-04-07,1.0978
2014-04-06,1.0978
2014-04-05,1.1011
2014-04-04,1.1026
2014-04-03,1.1027
2014-04-02,1.1047
2014-04-01,1.1048
2014-03-31,1.1058
2014-03-30,1.1058
2014-03-29,1.1031
2014-03-28,1.1079
2014-03-27,1.1145
2014-03-26,1.1187
2014-03-25,1.1221
2014-03-24,1.1222
2014-03-23,1.1222
2014-03-22,1.1229
2014-03-21,1.1249
2014-03-20,1.116
2014-03-19,1.1068
2014-03-18,1.1076
2014-03-17,1.1096
2014-03-16,1.1096
2014-03-15,1.1087
2014-03-14,1.1081
2014-03-13,1.1116
2014-03-12,1.1109
2014-03-11,1.1106
2014-03-10,1.1081
2014-03-09,1.1081
2014-03-08,1.1022
2014-03-07,1.1017
2014-03-06,1.1075
2014-03-05,1.1087
2014-03-04,1.1073
2014-03-03,1.1059
2014-03-02,1.1059
2014-03-01,1.1108
2014-02-28,1.1133
2014-02-27,1.1095
2014-02-26,1.107
2014-02-25,1.11
2014-02-24,1.1104
2014-02-23,1.1105
2014-02-22,1.1131
2014-02-21,1.1082
2014-02-20,1.0973
2014-02-19,1.0957
2014-02-18,1.0967
2014-02-17,1.0974
2014-02-16,1.0975
2014-02-15,1.0965
2014-02-14,1.0994
2014-02-13,1.0997
2014-02-12,1.1056
2014-02-11,1.1037
2014-02-10,1.1028
2014-02-09,1.1028
2014-02-08,1.1053
2014-02-07,1.1069
2014-02-06,1.1079
2014-02-05,1.1088
2014-02-04,1.1096
2014-02-03,1.1121
2014-02-02,1.1121
2014-02-01,1.1166
2014-01-31,1.1177
2014-01-30,1.1148
2014-01-29,1.1123
2014-01-28,1.1067
2014-01-27,1.1082
2014-01-26,1.1082
2014-01-25,1.1093
2014-01-24,1.1128
2014-01-23,1.0993
2014-01-22,1.0971
2014-01-21,1.0953
2014-01-20,1.0956
2014-01-19,1.0957
2014-01-18,1.0946
2014-01-17,1.0934
2014-01-16,1.0958
2014-01-15,1.09
2014-01-14,1.0893
2014-01-13,1.0888
2014-01-12,1.0888
2014-01-11,1.0867
2014-01-10,1.0841
2014-01-09,1.0798
2014-01-08,1.0696
2014-01-07,1.0636
2014-01-06,1.063
2014-01-05,1.063
2014-01-04,1.064
2014-01-03,1.0637
2014-01-02,1.0627
2014-01-01,1.0639
2013-12-31,1.0694
2013-12-30,1.0702
2013-12-29,1.0702
2013-12-28,1.0656
2013-12-27,1.0635
2013-12-26,1.0614
2013-12-25,1.0619
2013-12-24,1.0623
2013-12-23,1.0632
2013-12-22,1.0632
2013-12-21,1.0672
2013-12-20,1.0703
2013-12-19,1.0624
2013-12-18,1.059
2013-12-17,1.0584
2013-12-16,1.0581
2013-12-15,1.0582
2013-12-14,1.0634
2013-12-13,1.06
2013-12-12,1.0602
2013-12-11,1.0628
2013-12-10,1.065
2013-12-09,1.0634
2013-12-08,1.0635
2013-12-07,1.0654
2013-12-06,1.0666
2013-12-05,1.0661
2013-12-04,1.0648
2013-12-03,1.0628
2013-12-02,1.061
2013-12-01,1.061
2013-11-30,1.0592
2013-11-29,1.0585
2013-11-28,1.0561
2013-11-27,1.0539
2013-11-26,1.0551
2013-11-25,1.0513
2013-11-24,1.0513
2013-11-23,1.0536
2013-11-22,1.0476
2013-11-21,1.0459
2013-11-20,1.0442
2013-11-19,1.0429
2013-11-18,1.0433
2013-11-17,1.0433
2013-11-16,1.0464
2013-11-15,1.0477
2013-11-14,1.0483
2013-11-13,1.0485
2013-11-12,1.0475
2013-11-11,1.0475
2013-11-10,1.0475
2013-11-09,1.0465
2013-11-08,1.0426
2013-11-07,1.044
2013-11-06,1.0437
2013-11-05,1.0414
2013-11-04,1.0418
2013-11-03,1.0418
2013-11-02,1.043
2013-11-01,1.0458
2013-10-31,1.0462
2013-10-30,1.0446
2013-10-29,1.0442
2013-10-28,1.0443
2013-10-27,1.0443
2013-10-26,1.0434
2013-10-25,1.0396
2013-10-24,1.0329
2013-10-23,1.0296
2013-10-22,1.0295
2013-10-21,1.0281
2013-10-20,1.0281
2013-10-19,1.0292
2013-10-18,1.0307
2013-10-17,1.0363
2013-10-16,1.0355
2013-10-15,1.0354
2013-10-14,1.0345
2013-10-13,1.0345
2013-10-12,1.0389
2013-10-11,1.0395
2013-10-10,1.0377
2013-10-09,1.0328
2013-10-08,1.031
2013-10-07,1.0294
2013-10-06,1.0294
2013-10-05,1.0321
2013-10-04,1.0326
2013-10-03,1.0338
2013-10-02,1.0316
2013-10-01,1.0303
2013-09-30,1.0299
2013-09-29,1.0299
2013-09-28,1.0313
2013-09-27,1.0315
2013-09-26,1.0305
2013-09-25,1.0289
2013-09-24,1.0292
2013-09-23,1.0302
2013-09-22,1.0302
2013-09-21,1.0281
2013-09-20,1.0223
2013-09-19,1.0291
2013-09-18,1.0313
2013-09-17,1.0305
2013-09-16,1.0348
2013-09-15,1.0348
2013-09-14,1.0334
2013-09-13,1.0319
2013-09-12,1.0341
2013-09-11,1.036
2013-09-10,1.0387
2013-09-09,1.0399
2013-09-08,1.0399
2013-09-07,1.045
2013-09-06,1.0494
2013-09-05,1.0514
2013-09-04,1.054
2013-09-03,1.0534
2013-09-02,1.0531
2013-09-01,1.0531
2013-08-31,1.0532
2013-08-30,1.0502
2013-08-29,1.0488
2013-08-28,1.051
2013-08-27,1.0509
2013-08-26,1.0492
2013-08-25,1.0492
2013-08-24,1.0532
2013-08-23,1.0497
2013-08-22,1.0429
2013-08-21,1.037
2013-08-20,1.0332
2013-08-19,1.0332
2013-08-18,1.0332
2013-08-17,1.0321
2013-08-16,1.0323
2013-08-15,1.0342
2013-08-14,1.0322
2013-08-13,1.0297
2013-08-12,1.0284
2013-08-11,1.0284
2013-08-10,1.0311
2013-08-09,1.0392
2013-08-08,1.0403
2013-08-07,1.0366
2013-08-06,1.0387
2013-08-05,1.0384
2013-08-04,1.0384
2013-08-03,1.0368
2013-08-02,1.0303
2013-08-01,1.0296
2013-07-31,1.0279
2013-07-30,1.0269
2013-07-29,1.0273
2013-07-28,1.0273
2013-07-27,1.0278
2013-07-26,1.0297
2013-07-25,1.0297
2013-07-24,1.0318
2013-07-23,1.0349
2013-07-22,1.0363
2013-07-21,1.0363
2013-07-20,1.0372
2013-07-19,1.0408
2013-07-18,1.0394
2013-07-17,1.0415
2013-07-16,1.0403
2013-07-15,1.0394
2013-07-14,1.0394
2013-07-13,1.0377
2013-07-12,1.0393
2013-07-11,1.0516
2013-07-10,1.0546
2013-07-09,1.0568
2013-07-08,1.0573
2013-07-07,1.0573
2013-07-06,1.0546
2013-07-05,1.0512
2013-07-04,1.0536
2013-07-03,1.0523
2013-07-02,1.051
2013-07-01,1.0515
2013-06-30,1.0515
2013-06-29,1.049
2013-06-28,1.0457
2013-06-27,1.0489
2013-06-26,1.05
2013-06-25,1.0504
2013-06-24,1.0451
2013-06-23,1.0451
2013-06-22,1.0406
2013-06-21,1.0326
2013-06-20,1.0216
2013-06-19,1.0196
2013-06-18,1.0166
2013-06-17,1.0166
2013-06-16,1.0166
2013-06-15,1.017
2013-06-14,1.0187
2013-06-13,1.019
2013-06-12,1.0203
2013-06-11,1.0196
2013-06-10,1.0192
2013-06-09,1.0192
2013-06-08,1.0246
2013-06-07,1.032
2013-06-06,1.0345
2013-06-05,1.0314
2013-06-04,1.034
2013-06-03,1.0367
2013-06-02,1.0367
2013-06-01,1.0328
2013-05-31,1.0338
2013-05-30,1.0388
2013-05-29,1.0356
2013-05-28,1.0326
2013-05-27,1.0313
2013-05-26,1.0313
2013-05-25,1.0327
2013-05-24,1.0351
2013-05-23,1.0301
2013-05-22,1.0264
2013-05-21,1.0273
2013-05-20,1.0278
2013-05-19,1.0278
2013-05-18,1.0241
2013-05-17,1.017
2013-05-16,1.0187
2013-05-15,1.0126
2013-05-14,1.0111
2013-05-13,1.0098
2013-05-12,1.0098
2013-05-11,1.0092
2013-05-10,1.003
2013-05-09,1.0042
2013-05-08,1.006
2013-05-07,1.0078
2013-05-06,1.0074
2013-05-05,1.0074
2013-05-04,1.0102
2013-05-03,1.0078
2013-05-02,1.007
2013-05-01,1.0103
2013-04-30,1.0145
2013-04-29,1.0163
2013-04-28,1.0163
2013-04-27,1.0189
2013-04-26,1.0225
2013-04-25,1.0263
2013-04-24,1.0266
2013-04-23,1.0259
2013-04-22,1.0262
2013-04-21,1.0262
2013-04-20,1.0251
2013-04-19,1.0256
2013-04-18,1.0242
2013-04-17,1.0227
2013-04-16,1.0192
2013-04-15,1.0131
2013-04-14,1.0131
2013-04-13,1.0116
2013-04-12,1.0124
2013-04-11,1.0153
2013-04-10,1.0162
2013-04-09,1.0176
2013-04-08,1.0173
2013-04-07,1.0173
2013-04-06,1.0152
2013-04-05,1.0142
2013-04-04,1.0142
2013-04-03,1.0149
2013-04-02,1.017
2013-04-01,1.0171
2013-03-31,1.0171
2013-03-30,1.0166
2013-03-29,1.0162
2013-03-28,1.0168
2013-03-27,1.0194
2013-03-26,1.0217
2013-03-25,1.0229
2013-03-24,1.0229
2013-03-23,1.024
2013-03-22,1.0245
2013-03-21,1.0261
2013-03-20,1.0238
2013-03-19,1.0228
2013-03-18,1.0191
2013-03-17,1.0191
2013-03-16,1.021
2013-03-15,1.026
2013-03-14,1.0266
2013-03-13,1.0265
2013-03-12,1.0276
2013-03-11,1.0282
2013-03-10,1.0282
2013-03-09,1.0294
2013-03-08,1.0309
2013-03-07,1.0282
2013-03-06,1.0269
2013-03-05,1.0289
2013-03-04,1.0265
2013-03-03,1.0265
2013-03-02,1.03
2013-03-01,1.0248
2013-02-28,1.0257
2013-02-27,1.0259
2013-02-26,1.0238
2013-02-25,1.0214
2013-02-24,1.0214
2013-02-23,1.0195
2013-02-22,1.0182
2013-02-21,1.0135
2013-02-20,1.0114
2013-02-19,1.0079
2013-02-18,1.0062
2013-02-17,1.0062
2013-02-16,1.0029
2013-02-15,1.0013
2013-02-14,1.0023
2013-02-13,1.0052
2013-02-12,1.0053
2013-02-11,1.0016
2013-02-10,1.0016
2013-02-09,0.9993
2013-02-08,0.9963
2013-02-07,0.9965
2013-02-06,0.9981
2013-02-05,0.9972
2013-02-04,0.9963
2013-02-03,0.9963
2013-02-02,0.9981
2013-02-01,1.0012
2013-01-31,1.002
2013-01-30,1.0051
2013-01-29,1.008
2013-01-28,1.0055
2013-01-27,1.0055
2013-01-26,1.0046
2013-01-25,1.0007
2013-01-24,0.9937
2013-01-23,0.9927
2013-01-22,0.9922
2013-01-21,0.9914
2013-01-20,0.9914
2013-01-19,0.989
2013-01-18,0.9861
2013-01-17,0.9853
2013-01-16,0.9843
2013-01-15,0.9842
2013-01-14,0.9842
2013-01-13,0.9843
2013-01-12,0.9835
2013-01-11,0.9863
2013-01-10,0.9869
2013-01-09,0.9863
2013-01-08,0.9868
2013-01-07,0.987
2013-01-06,0.987
2013-01-05,0.9884
2013-01-04,0.9858
2013-01-03,0.9876
2013-01-02,0.9948
2013-01-01,0.9949
2012-12-31,0.9966
2012-12-30,0.9966
2012-12-29,0.995
2012-12-28,0.9931
2012-12-27,0.9919
2012-12-26,0.9911
2012-12-25,0.9928
2012-12-24,0.9931
2012-12-23,0.9931
2012-12-22,0.9907
2012-12-21,0.9885
2012-12-20,0.9863
2012-12-19,0.9842
2012-12-18,0.9857
2012-12-17,0.9855
2012-12-16,0.9855
2012-12-15,0.9846
2012-12-14,0.9841
2012-12-13,0.9856
2012-12-12,0.9867
2012-12-11,0.9874
2012-12-10,0.9881
2012-12-09,0.9882
2012-12-08,0.9908
2012-12-07,0.9916
2012-12-06,0.9921
2012-12-05,0.994
2012-12-04,0.9932
2012-12-03,0.9941
2012-12-02,0.9941
2012-12-01,0.9929
2012-11-30,0.9921
2012-11-29,0.994
2012-11-28,0.9928
2012-11-27,0.9932
2012-11-26,0.9927
2012-11-25,0.9927
2012-11-24,0.9961
2012-11-23,0.9966
2012-11-22,0.9973
2012-11-21,0.9968
2012-11-20,0.9989
2012-11-19,1.001
2012-11-18,1.001
2012-11-17,1.0012
2012-11-16,1.0023
2012-11-15,1.0015
2012-11-14,1.0008
2012-11-13,0.9994
2012-11-12,1.0013
2012-11-11,1.0013
2012-11-10,1.0001
2012-11-09,0.9971
2012-11-08,0.9923
2012-11-07,0.9946
2012-11-06,0.9958
2012-11-05,0.9956
2012-11-04,0.9956
2012-11-03,0.9962
2012-11-02,0.9991
2012-11-01,0.9991
2012-10-31,1.0004
2012-10-30,0.9993
2012-10-29,0.9968
2012-10-28,0.9967
2012-10-27,0.9961
2012-10-26,0.993
2012-10-25,0.992
2012-10-24,0.9932
2012-10-23,0.9936
2012-10-22,0.9934
2012-10-21,0.9933
2012-10-20,0.988
2012-10-19,0.9796
2012-10-18,0.9838
2012-10-17,0.9832
2012-10-16,0.9793
2012-10-15,0.9797
2012-10-14,0.9799
2012-10-13,0.9786
2012-10-12,0.9799
2012-10-11,0.9789
2012-10-10,0.9765
2012-10-09,0.9776
2012-10-08,0.9783
2012-10-07,0.9784
2012-10-06,0.9792
2012-10-05,0.9848
2012-10-04,0.9859
2012-10-03,0.9823
2012-10-02,0.9832
2012-10-01,0.9833
2012-09-30,0.9833
2012-09-29,0.9809
2012-09-28,0.9829
2012-09-27,0.9822
2012-09-26,0.9788
2012-09-25,0.979
2012-09-24,0.976
2012-09-23,0.976
2012-09-22,0.9752
2012-09-21,0.9775
2012-09-20,0.9743
2012-09-19,0.9747
2012-09-18,0.9718
2012-09-17,0.9716
2012-09-16,0.9717
2012-09-15,0.9675
2012-09-14,0.9748
2012-09-13,0.9737
2012-09-12,0.9744
2012-09-11,0.9775
2012-09-10,0.9784
2012-09-09,0.9786
2012-09-08,0.9806
2012-09-07,0.9875
2012-09-06,0.9881
2012-09-05,0.9857
2012-09-04,0.9861
2012-09-03,0.9861
2012-09-02,0.986
2012-09-01,0.9899
2012-08-31,0.9909
2012-08-30,0.9883
2012-08-29,0.989
2012-08-28,0.9906
2012-08-27,0.9918
2012-08-26,0.9918
2012-08-25,0.993
2012-08-24,0.991
2012-08-23,0.9912
2012-08-22,0.9871
2012-08-21,0.9886
2012-08-20,0.9891
2012-08-19,0.9892
2012-08-18,0.9876
2012-08-17,0.9884
2012-08-16,0.9913
2012-08-15,0.9921
2012-08-14,0.9918
2012-08-13,0.9909
2012-08-12,0.9908
2012-08-11,0.9925
2012-08-10,0.9935
2012-08-09,0.9964
2012-08-08,0.9987
2012-08-07,1.0004
2012-08-06,1.0011
2012-08-05,1.0012
2012-08-04,1.0032
2012-08-03,1.005
2012-08-02,1.0023
2012-08-01,1.0016
2012-07-31,1.0037
2012-07-30,1.003
2012-07-29,1.0029
2012-07-28,1.0078
2012-07-27,1.0125
2012-07-26,1.0193
2012-07-25,1.0192
2012-07-24,1.0163
2012-07-23,1.0127
2012-07-22,1.0125
2012-07-21,1.0094
2012-07-20,1.0087
2012-07-19,1.0122
2012-07-18,1.0141
2012-07-17,1.0148
2012-07-16,1.0135
2012-07-15,1.0135
2012-07-14,1.017
2012-07-13,1.0209
2012-07-12,1.0205
2012-07-11,1.0198
2012-07-10,1.0197
2012-07-09,1.0193
2012-07-08,1.0192
2012-07-07,1.0162
2012-07-06,1.0131
2012-07-05,1.0128
2012-07-04,1.0147
2012-07-03,1.0177
2012-07-02,1.0161
2012-07-01,1.0161
2012-06-30,1.0248
2012-06-29,1.0278
2012-06-28,1.025
2012-06-27,1.027
2012-06-26,1.0279
2012-06-25,1.0243
2012-06-24,1.0241
2012-06-23,1.0273
2012-06-22,1.0223
2012-06-21,1.0185
2012-06-20,1.021
2012-06-19,1.023
2012-06-18,1.0211
2012-06-17,1.0211
2012-06-16,1.0233
2012-06-15,1.0267
2012-06-14,1.0268
2012-06-13,1.0291
2012-06-12,1.0243
2012-06-11,1.026
2012-06-10,1.0265
2012-06-09,1.0309
2012-06-08,1.0265
2012-06-07,1.033
2012-06-06,1.0387
2012-06-05,1.0413
2012-06-04,1.0404
2012-06-03,1.0406
2012-06-02,1.0371
2012-06-01,1.0301
2012-05-31,1.0265
2012-05-30,1.0238
2012-05-29,1.0246
2012-05-28,1.0287
2012-05-27,1.0288
2012-05-26,1.0274
2012-05-25,1.0257
2012-05-24,1.0233
2012-05-23,1.0177
2012-05-22,1.0201
2012-05-21,1.0218
2012-05-20,1.0218
2012-05-19,1.0195
2012-05-18,1.0137
2012-05-17,1.0092
2012-05-16,1.0026
2012-05-15,1.0019
2012-05-14,1.0
2012-05-13,1.0001
2012-05-12,1.0018
2012-05-11,1.0011
2012-05-10,1.0016
2012-05-09,0.9961
2012-05-08,0.9957
2012-05-07,0.9953
2012-05-06,0.9954
2012-05-05,0.9903
2012-05-04,0.9861
2012-05-03,0.9866
2012-05-02,0.9868
2012-05-01,0.9832
2012-04-30,0.98
2012-04-29,0.98
2012-04-28,0.9836
2012-04-27,0.9829
2012-04-26,0.9859
2012-04-25,0.9899
2012-04-24,0.9942
2012-04-23,0.9919
2012-04-22,0.9919
2012-04-21,0.9933
2012-04-20,0.9916
2012-04-19,0.9898
2012-04-18,0.9955
2012-04-17,0.9997
2012-04-16,0.999
2012-04-15,0.9991
2012-04-14,0.9957
2012-04-13,0.9996
2012-04-12,1.0031
2012-04-11,0.999
2012-04-10,0.9972
2012-04-09,0.9966
2012-04-08,0.9966
2012-04-07,0.9942
2012-04-06,0.9954
2012-04-05,0.9936
2012-04-04,0.9905
2012-04-03,0.9953
2012-04-02,0.9979
2012-04-01,0.9981
2012-03-31,0.997
2012-03-30,0.9987
2012-03-29,0.9965
2012-03-28,0.992
2012-03-27,0.9958
2012-03-26,0.9973
2012-03-25,0.9973
2012-03-24,0.9997
2012-03-23,0.9954
2012-03-22,0.9905
2012-03-21,0.99
2012-03-20,0.9903
2012-03-19,0.9911
2012-03-18,0.9912
2012-03-17,0.9921
2012-03-16,0.9928
2012-03-15,0.9905
2012-03-14,0.9907
2012-03-13,0.992
2012-03-12,0.9903
2012-03-11,0.9902
2012-03-10,0.9902
2012-03-09,0.995
2012-03-08,1.0003
2012-03-07,0.9977
2012-03-06,0.9919
2012-03-05,0.9887
2012-03-04,0.9888
2012-03-03,0.9869
2012-03-02,0.9874
2012-03-01,0.9912
2012-02-29,0.9966
2012-02-28,1.0008
2012-02-27,0.9989
2012-02-26,0.9989
2012-02-25,0.9979
2012-02-24,0.9985
2012-02-23,0.998
2012-02-22,0.995
2012-02-21,0.9926
2012-02-20,0.9964
2012-02-19,0.9968
2012-02-18,0.996
2012-02-17,1.0008
2012-02-16,0.9969
2012-02-15,1.0004
2012-02-14,0.9992
2012-02-13,1.0008
2012-02-12,1.0008
2012-02-11,0.9986
2012-02-10,0.9954
2012-02-09,0.9951
2012-02-08,0.9961
2012-02-07,0.9958
2012-02-06,0.9932
2012-02-05,0.9929
2012-02-04,0.9981
2012-02-03,0.9984
2012-02-02,1.0006
2012-02-01,1.0007
2012-01-31,1.0038
2012-01-30,1.0012
2012-01-29,1.0012
2012-01-28,1.0018
2012-01-27,1.0018
2012-01-26,1.0105
2012-01-25,1.0095
2012-01-24,1.0113
2012-01-23,1.0129
2012-01-22,1.0128
2012-01-21,1.0131
2012-01-20,1.0102
2012-01-19,1.0142
2012-01-18,1.0148
2012-01-17,1.021
2012-01-16,1.0228
2012-01-15,1.0228
2012-01-14,1.0199
2012-01-13,1.0182
2012-01-12,1.0174
2012-01-11,1.0192
2012-01-10,1.0283
2012-01-09,1.028
2012-01-08,1.028
2012-01-07,1.0208
2012-01-06,1.0158
2012-01-05,1.0127
2012-01-04,1.0132
2012-01-03,1.0194
2012-01-02,1.0213
2012-01-01,1.0213
2011-12-31,1.0197
2011-12-30,1.0232
2011-12-29,1.0194
2011-12-28,1.0201
2011-12-27,1.0201
2011-12-26,1.0202
2011-12-25,1.0201
2011-12-24,1.0199
2011-12-23,1.0248
2011-12-22,1.0267
2011-12-21,1.0339
2011-12-20,1.0375
2011-12-19,1.0379
2011-12-18,1.0378
2011-12-17,1.0339
2011-12-16,1.037
2011-12-15,1.0359
2011-12-14,1.0272
2011-12-13,1.0231
2011-12-12,1.0169
2011-12-11,1.0166
2011-12-10,1.0222
2011-12-09,1.012
2011-12-08,1.0097
2011-12-07,1.0162
2011-12-06,1.0161
2011-12-05,1.0187
2011-12-04,1.0189
2011-12-03,1.0144
2011-12-02,1.0181
2011-12-01,1.0271
2011-11-30,1.032
2011-11-29,1.0372
2011-11-28,1.046
2011-11-27,1.0465
2011-11-26,1.0486
2011-11-25,1.0465
2011-11-24,1.0425
2011-11-23,1.0378
2011-11-22,1.0325
2011-11-21,1.0272
2011-11-20,1.0272
2011-11-19,1.0269
2011-11-18,1.0243
2011-11-17,1.0236
2011-11-16,1.0199
2011-11-15,1.015
2011-11-14,1.0098
2011-11-13,1.0099
2011-11-12,1.0175
2011-11-11,1.0219
2011-11-10,1.0145
2011-11-09,1.014
2011-11-08,1.017
2011-11-07,1.0181
2011-11-06,1.0183
2011-11-05,1.0137
2011-11-04,1.0144
2011-11-03,1.0165
2011-11-02,1.0083
2011-11-01,0.9965
2011-10-31,0.9913
2011-10-30,0.9913
2011-10-29,0.9926
2011-10-28,0.9971
2011-10-27,1.0127
2011-10-26,1.0063
2011-10-25,1.006
2011-10-24,1.0066
2011-10-23,1.0063
2011-10-22,1.0133
2011-10-21,1.019
2011-10-20,1.0131
2011-10-19,1.021
2011-10-18,1.0123
2011-10-17,1.0095
2011-10-16,1.0093
2011-10-15,1.0174
2011-10-14,1.0202
2011-10-13,1.0222
2011-10-12,1.0292
2011-10-11,1.031
2011-10-10,1.0392
2011-10-09,1.0391
2011-10-08,1.0367
2011-10-07,1.0416
2011-10-06,1.051
2011-10-05,1.0561
2011-10-04,1.0489
2011-10-03,1.0496
2011-10-02,1.0497
2011-10-01,1.0409
2011-09-30,1.0326
2011-09-29,1.024
2011-09-28,1.0226
2011-09-27,1.0314
2011-09-26,1.0273
2011-09-25,1.0274
2011-09-24,1.0275
2011-09-23,1.0199
2011-09-22,0.996
2011-09-21,0.9918
2011-09-20,0.9852
2011-09-19,0.9776
2011-09-18,0.9775
2011-09-17,0.9832
2011-09-16,0.989
2011-09-15,0.9896
2011-09-14,0.9917
2011-09-13,0.9977
2011-09-12,0.9962
2011-09-11,0.9962
2011-09-10,0.9914
2011-09-09,0.9854
2011-09-08,0.9879
2011-09-07,0.9907
2011-09-06,0.9882
2011-09-05,0.9846
2011-09-04,0.9846
2011-09-03,0.9789
2011-09-02,0.977
2011-09-01,0.978
2011-08-31,0.9779
2011-08-30,0.9784
2011-08-29,0.9808
2011-08-28,0.9809
2011-08-27,0.9866
2011-08-26,0.9866
2011-08-25,0.9881
2011-08-24,0.9885
2011-08-23,0.9882
2011-08-22,0.9896
2011-08-21,0.9896
2011-08-20,0.9892
2011-08-19,0.9851
2011-08-18,0.9812
2011-08-17,0.9826
2011-08-16,0.9862
2011-08-15,0.9867
2011-08-14,0.9866
2011-08-13,0.9876
2011-08-12,0.9907
2011-08-11,0.9848
2011-08-10,0.993
2011-08-09,0.9851
2011-08-08,0.9804
2011-08-07,0.9805
2011-08-06,0.9798
2011-08-05,0.969
2011-08-04,0.961
2011-08-03,0.9573
2011-08-02,0.9535
2011-08-01,0.9547
2011-07-31,0.9548
2011-07-30,0.9523
2011-07-29,0.9489
2011-07-28,0.9445
2011-07-27,0.944
2011-07-26,0.9485
2011-07-25,0.9474
2011-07-24,0.9474
2011-07-23,0.9464
2011-07-22,0.9459
2011-07-21,0.9487
2011-07-20,0.955
2011-07-19,0.9582
2011-07-18,0.953
2011-07-17,0.9529
2011-07-16,0.9581
2011-07-15,0.9585
2011-07-14,0.9618
2011-07-13,0.9697
2011-07-12,0.9655
2011-07-11,0.9616
2011-07-10,0.9616
2011-07-09,0.96
2011-07-08,0.9627
2011-07-07,0.9641
2011-07-06,0.9615
2011-07-05,0.9596
2011-07-04,0.9582
2011-07-03,0.9581
2011-07-02,0.9623
2011-07-01,0.9664
2011-06-30,0.9765
2011-06-29,0.9852
2011-06-28,0.9885
2011-06-27,0.9879
2011-06-26,0.988
2011-06-25,0.981
2011-06-24,0.9759
2011-06-23,0.9728
2011-06-22,0.9762
2011-06-21,0.9813
2011-06-20,0.9791
2011-06-19,0.9789
2011-06-18,0.9817
2011-06-17,0.982
2011-06-16,0.9716
2011-06-15,0.9727
2011-06-14,0.9774
2011-06-13,0.9796
2011-06-12,0.9796
2011-06-11,0.975
2011-06-10,0.9776
2011-06-09,0.978
2011-06-08,0.9768
2011-06-07,0.9792
2011-06-06,0.9778
2011-06-05,0.9778
2011-06-04,0.9775
2011-06-03,0.9775
2011-06-02,0.9698
2011-06-01,0.9715
2011-05-31,0.9766
2011-05-30,0.9758
2011-05-29,0.9757
2011-05-28,0.9772
2011-05-27,0.978
2011-05-26,0.9781
2011-05-25,0.977
2011-05-24,0.977
2011-05-23,0.9736
2011-05-22,0.9736
2011-05-21,0.9688
2011-05-20,0.9684
2011-05-19,0.972
2011-05-18,0.9747
2011-05-17,0.9714
2011-05-16,0.9681
2011-05-15,0.9681
2011-05-14,0.9648
2011-05-13,0.9633
2011-05-12,0.9565
2011-05-11,0.9619
2011-05-10,0.964
2011-05-09,0.9661
2011-05-08,0.9661
2011-05-07,0.9648
2011-05-06,0.9621
2011-05-05,0.9545
2011-05-04,0.9505
2011-05-03,0.9482
2011-05-02,0.9446
2011-05-01,0.9445
2011-04-30,0.95
2011-04-29,0.9491
2011-04-28,0.9518
2011-04-27,0.9532
2011-04-26,0.9528
2011-04-25,0.9539
2011-04-24,0.9539
2011-04-23,0.953
2011-04-22,0.95
2011-04-21,0.9535
2011-04-20,0.9613
2011-04-19,0.9632
2011-04-18,0.9587
2011-04-17,0.9587
2011-04-16,0.9617
2011-04-15,0.9622
2011-04-14,0.9619
2011-04-13,0.9594
2011-04-12,0.9557
2011-04-11,0.9548
2011-04-10,0.9548
2011-04-09,0.9562
2011-04-08,0.9599
2011-04-07,0.9609
2011-04-06,0.966
2011-04-05,0.9645
2011-04-04,0.9628
2011-04-03,0.9627
2011-04-02,0.9674
2011-04-01,0.9705
2011-03-31,0.9722
2011-03-30,0.9761
2011-03-29,0.979
2011-03-28,0.98
2011-03-27,0.98
2011-03-26,0.9768
2011-03-25,0.9786
2011-03-24,0.9813
2011-03-23,0.978
2011-03-22,0.98
2011-03-21,0.9839
2011-03-20,0.9838
2011-03-19,0.9834
2011-03-18,0.9891
2011-03-17,0.9858
2011-03-16,0.9819
2011-03-15,0.9735
2011-03-14,0.9725
2011-03-13,0.9726
2011-03-12,0.9749
2011-03-11,0.9711
2011-03-10,0.9698
2011-03-09,0.9726
2011-03-08,0.972
2011-03-07,0.9728
2011-03-06,0.9717
2011-03-05,0.9725
2011-03-04,0.9732
2011-03-03,0.9742
2011-03-02,0.9719
2011-03-01,0.9762
2011-02-28,0.9771
2011-02-27,0.9769
2011-02-26,0.9812
2011-02-25,0.9856
2011-02-24,0.9899
2011-02-23,0.9856
2011-02-22,0.9847
2011-02-21,0.9862
2011-02-20,0.9862
2011-02-19,0.9841
2011-02-18,0.9842
2011-02-17,0.9873
2011-02-16,0.9876
2011-02-15,0.9872
2011-02-14,0.9869
2011-02-13,0.9869
2011-02-12,0.9941
2011-02-11,0.9957
2011-02-10,0.9942
2011-02-09,0.9906
2011-02-08,0.9877
2011-02-07,0.987
2011-02-06,0.9868
2011-02-05,0.9892
2011-02-04,0.9885
2011-02-03,0.989
2011-02-02,0.9968
2011-02-01,1.0006
2011-01-31,1.0007
2011-01-30,1.0006
2011-01-29,0.9963
2011-01-28,0.9948
2011-01-27,0.9962
2011-01-26,0.9952
2011-01-25,0.9944
2011-01-24,0.9927
2011-01-23,0.9927
2011-01-22,0.9958
2011-01-21,0.9977
2011-01-20,0.9918
2011-01-19,0.9875
2011-01-18,0.9879
2011-01-17,0.9902
2011-01-16,0.9905
2011-01-15,0.9911
2011-01-14,0.9871
2011-01-13,0.9878
2011-01-12,0.9922
2011-01-11,0.9941
2011-01-10,0.993
2011-01-09,0.993
2011-01-08,0.9958
2011-01-07,0.9954
2011-01-06,0.9982
2011-01-05,0.9947
2011-01-04,0.9924
2011-01-03,0.9968
2011-01-02,0.9971
2011-01-01,0.998
2010-12-31,0.9999
2010-12-30,1.0001
2010-12-29,1.0029
2010-12-28,1.0078
2010-12-27,1.0079
2010-12-26,1.0079
2010-12-25,1.0077
2010-12-24,1.0121
2010-12-23,1.0155
2010-12-22,1.0173
2010-12-21,1.0139
2010-12-20,1.0132
2010-12-19,1.0136
2010-12-18,1.0074
2010-12-17,1.0049
2010-12-16,1.006
2010-12-15,1.0069
2010-12-14,1.0081
2010-12-13,1.0085
2010-12-12,1.0086
2010-12-11,1.0097
2010-12-10,1.0102
2010-12-09,1.0112
2010-12-08,1.0053
2010-12-07,1.005
2010-12-06,1.0035
2010-12-05,1.0036
2010-12-04,1.0035
2010-12-03,1.0124
2010-12-02,1.0215
2010-12-01,1.0216
2010-11-30,1.0201
2010-11-29,1.0202
2010-11-28,1.0209
2010-11-27,1.0155
2010-11-26,1.0097
2010-11-25,1.0173
2010-11-24,1.0204
2010-11-23,1.0157
2010-11-22,1.0165
2010-11-21,1.0165
2010-11-20,1.0194
2010-11-19,1.0198
2010-11-18,1.0218
2010-11-17,1.0136
2010-11-16,1.0099
2010-11-15,1.0118
2010-11-14,1.0118
2010-11-13,1.0081
2010-11-12,1.0017
2010-11-11,1.0042
2010-11-10,1.0027
2010-11-09,1.0022
2010-11-08,0.9996
2010-11-07,0.9996
2010-11-06,1.0022
2010-11-05,1.0051
2010-11-04,1.0085
2010-11-03,1.0112
2010-11-02,1.017
2010-11-01,1.019
2010-10-31,1.0189
2010-10-30,1.0205
2010-10-29,1.0237
2010-10-28,1.0292
2010-10-27,1.022
2010-10-26,1.0189
2010-10-25,1.0252
2010-10-24,1.0252
2010-10-23,1.0261
2010-10-22,1.0227
2010-10-21,1.0268
2010-10-20,1.0262
2010-10-19,1.0174
2010-10-18,1.01
2010-10-17,1.0098
2010-10-16,1.0076
2010-10-15,1.0019
2010-10-14,1.0051
2010-10-13,1.0135
2010-10-12,1.0118
2010-10-11,1.0105
2010-10-10,1.0106
2010-10-09,1.0158
2010-10-08,1.0132
2010-10-07,1.0122
2010-10-06,1.0198
2010-10-05,1.0214
2010-10-04,1.0192
2010-10-03,1.0192
2010-10-02,1.0254
2010-10-01,1.0301
2010-09-30,1.029
2010-09-29,1.0315
2010-09-28,1.0251
2010-09-27,1.0236
2010-09-26,1.0236
2010-09-25,1.0286
2010-09-24,1.0322
2010-09-23,1.0263
2010-09-22,1.0293
2010-09-21,1.03
2010-09-20,1.0327
2010-09-19,1.0328
2010-09-18,1.0269
2010-09-17,1.0265
2010-09-16,1.0285
2010-09-15,1.0266
2010-09-14,1.0298
2010-09-13,1.0362
2010-09-12,1.0365
2010-09-11,1.0333
2010-09-10,1.0344
2010-09-09,1.0426
2010-09-08,1.0421
2010-09-07,1.0358
2010-09-06,1.0385
2010-09-05,1.0383
2010-09-04,1.0475
2010-09-03,1.052
2010-09-02,1.0565
2010-09-01,1.0627
2010-08-31,1.0527
2010-08-30,1.0503
2010-08-29,1.0503
2010-08-28,1.0568
2010-08-27,1.056
2010-08-26,1.0616
2010-08-25,1.059
2010-08-24,1.0487
2010-08-23,1.0471
2010-08-22,1.047
2010-08-21,1.0456
2010-08-20,1.033
2010-08-19,1.0302
2010-08-18,1.0362
2010-08-17,1.042
2010-08-16,1.0413
2010-08-15,1.0413
2010-08-14,1.0394
2010-08-13,1.0454
2010-08-12,1.0402
2010-08-11,1.0334
2010-08-10,1.0273
2010-08-09,1.0267
2010-08-08,1.0268
2010-08-07,1.0221
2010-08-06,1.0147
2010-08-05,1.0217
2010-08-04,1.0238
2010-08-03,1.0236
2010-08-02,1.0291
2010-08-01,1.0292
2010-07-31,1.032
2010-07-30,1.0341
2010-07-29,1.0341
2010-07-28,1.0321
2010-07-27,1.0339
2010-07-26,1.0355
2010-07-25,1.0354
2010-07-24,1.0382
2010-07-23,1.0415
2010-07-22,1.0409
2010-07-21,1.0512
2010-07-20,1.0537
2010-07-19,1.0571
2010-07-18,1.0572
2010-07-17,1.0474
2010-07-16,1.0357
2010-07-15,1.0323
2010-07-14,1.033
2010-07-13,1.0342
2010-07-12,1.0333
2010-07-11,1.0333
2010-07-10,1.0366
2010-07-09,1.0443
2010-07-08,1.0542
2010-07-07,1.0569
2010-07-06,1.0634
2010-07-05,1.0618
2010-07-04,1.0619
2010-07-03,1.0617
2010-07-02,1.0629
2010-07-01,1.0556
2010-06-30,1.048
2010-06-29,1.0347
2010-06-28,1.0347
2010-06-27,1.0348
2010-06-26,1.0394
2010-06-25,1.0413
2010-06-24,1.0358
2010-06-23,1.023
2010-06-22,1.0183
2010-06-21,1.0211
2010-06-20,1.0212
2010-06-19,1.0259
2010-06-18,1.0269
2010-06-17,1.0264
2010-06-16,1.0293
2010-06-15,1.0288
2010-06-14,1.0318
2010-06-13,1.0319
2010-06-12,1.0339
2010-06-11,1.0349
2010-06-10,1.0446
2010-06-09,1.0537
2010-06-08,1.0592
2010-06-07,1.0621
2010-06-06,1.0621
2010-06-05,1.0467
2010-06-04,1.0387
2010-06-03,1.0476
2010-06-02,1.0489
2010-06-01,1.0472
2010-05-31,1.054
2010-05-30,1.0542
2010-05-29,1.0493
2010-05-28,1.0547
2010-05-27,1.0669
2010-05-26,1.0766
2010-05-25,1.0586
2010-05-24,1.0592
2010-05-23,1.0592
2010-05-22,1.0642
2010-05-21,1.0594
2010-05-20,1.0457
2010-05-19,1.0315
2010-05-18,1.0371
2010-05-17,1.0347
2010-05-16,1.0349
2010-05-15,1.028
2010-05-14,1.0153
2010-05-13,1.0185
2010-05-12,1.0228
2010-05-11,1.0253
2010-05-10,1.0429
2010-05-09,1.0434
2010-05-08,1.0458
2010-05-07,1.0388
2010-05-06,1.0276
2010-05-05,1.0187
2010-05-04,1.0139
2010-05-03,1.0173
2010-05-02,1.0174
2010-05-01,1.0086
2010-04-30,1.0056
2010-04-29,1.0132
2010-04-28,1.0069
2010-04-27,0.9995
2010-04-26,0.9989
2010-04-25,0.9988
2010-04-24,1.0014
2010-04-23,0.9994
2010-04-22,0.9966
2010-04-21,1.0058
2010-04-20,1.0171
2010-04-19,1.0125
2010-04-18,1.0124
2010-04-17,1.0068
2010-04-16,0.9993
2010-04-15,0.9981
2010-04-14,1.0032
2010-04-13,1.0047
2010-04-12,1.0019
2010-04-11,1.002
2010-04-10,1.0031
2010-04-09,1.0058
2010-04-08,1.001
2010-04-07,1.0009
2010-04-06,1.0048
2010-04-05,1.0106
2010-04-04,1.0107
2010-04-03,1.0105
2010-04-02,1.0102
2010-04-01,1.0159
2010-03-31,1.0188
2010-03-30,1.0214
2010-03-29,1.026
2010-03-28,1.0263
2010-03-27,1.026
2010-03-26,1.0212
2010-03-25,1.022
2010-03-24,1.0183
2010-03-23,1.0187
2010-03-22,1.0167
2010-03-21,1.0165
2010-03-20,1.015
2010-03-19,1.0118
2010-03-18,1.0109
2010-03-17,1.0163
2010-03-16,1.0192
2010-03-15,1.0187
2010-03-14,1.0188
2010-03-13,1.0196
2010-03-12,1.0264
2010-03-11,1.0261
2010-03-10,1.0274
2010-03-09,1.0272
2010-03-08,1.0284
2010-03-07,1.0284
2010-03-06,1.0301
2010-03-05,1.0309
2010-03-04,1.0324
2010-03-03,1.0365
2010-03-02,1.0481
2010-03-01,1.0515
2010-02-28,1.0513
2010-02-27,1.0564
2010-02-26,1.06
2010-02-25,1.0549
2010-02-24,1.0468
2010-02-23,1.0401
2010-02-22,1.0386
2010-02-21,1.0387
2010-02-20,1.0468
2010-02-19,1.0448
2010-02-18,1.0443
2010-02-17,1.0448
2010-02-16,1.0492
2010-02-15,1.0499
2010-02-14,1.0498
2010-02-13,1.0519
2010-02-12,1.0574
2010-02-11,1.0666
2010-02-10,1.0709
2010-02-09,1.0699
2010-02-08,1.0708
2010-02-07,1.0711
2010-02-06,1.0728
2010-02-05,1.0644
2010-02-04,1.0582
2010-02-03,1.0602
2010-02-02,1.0679
2010-02-01,1.0699
2010-01-31,1.0699
2010-01-30,1.0665
2010-01-29,1.0615
2010-01-28,1.0642
2010-01-27,1.0606
2010-01-26,1.0568
2010-01-25,1.057
2010-01-24,1.0573
2010-01-23,1.052
2010-01-22,1.0475
2010-01-21,1.0391
2010-01-20,1.0283
2010-01-19,1.0276
2010-01-18,1.0288
2010-01-17,1.0286
2010-01-16,1.0264
2010-01-15,1.0291
2010-01-14,1.0361
2010-01-13,1.0353
2010-01-12,1.0287
2010-01-11,1.0293
2010-01-10,1.0293
2010-01-09,1.0338
2010-01-08,1.033
2010-01-07,1.0369
2010-01-06,1.0387
2010-01-05,1.0433
2010-01-04,1.0526
2010-01-03,1.0512
2010-01-02,1.0528
2010-01-01,1.0505
2009-12-31,1.0491
2009-12-30,1.0418
2009-12-29,1.0465
2009-12-28,1.049
2009-12-27,1.049
2009-12-26,1.0489
2009-12-25,1.0482
2009-12-24,1.0535
2009-12-23,1.0593
2009-12-22,1.0637
2009-12-21,1.0659
2009-12-20,1.0659
2009-12-19,1.0674
2009-12-18,1.068
2009-12-17,1.0605
2009-12-16,1.06
2009-12-15,1.0604
2009-12-14,1.0596
2009-12-13,1.0597
2009-12-12,1.0529
2009-12-11,1.0534
2009-12-10,1.0606
2009-12-09,1.0547
2009-12-08,1.0556
2009-12-07,1.0573
2009-12-06,1.0575
2009-12-05,1.0544
2009-12-04,1.0508
2009-12-03,1.0462
2009-12-02,1.0495
2009-12-01,1.0569
2009-11-30,1.061
2009-11-29,1.0614
2009-11-28,1.0651
2009-11-27,1.0525
2009-11-26,1.0526
2009-11-25,1.0592
2009-11-24,1.0613
2009-11-23,1.0705
2009-11-22,1.0706
2009-11-21,1.0668
2009-11-20,1.0602
2009-11-19,1.0512
2009-11-18,1.0521
2009-11-17,1.0478
2009-11-16,1.0515
2009-11-15,1.0512
2009-11-14,1.0529
2009-11-13,1.0475
2009-11-12,1.0472
2009-11-11,1.0559
2009-11-10,1.0643
2009-11-09,1.0747
2009-11-08,1.0748
2009-11-07,1.0676
2009-11-06,1.0643
2009-11-05,1.0639
2009-11-04,1.0764
2009-11-03,1.0798
2009-11-02,1.0838
2009-11-01,1.0842
2009-10-31,1.072
2009-10-30,1.0754
2009-10-29,1.0705
2009-10-28,1.0674
2009-10-27,1.0557
2009-10-26,1.0532
2009-10-25,1.0531
2009-10-24,1.0499
2009-10-23,1.0476
2009-10-22,1.048
2009-10-21,1.0353
2009-10-20,1.0354
2009-10-19,1.0366
2009-10-18,1.0366
2009-10-17,1.0349
2009-10-16,1.0265
2009-10-15,1.0285
2009-10-14,1.0331
2009-10-13,1.0384
2009-10-12,1.0418
2009-10-11,1.0418
2009-10-10,1.0494
2009-10-09,1.0558
2009-10-08,1.0593
2009-10-07,1.0647
2009-10-06,1.0749
2009-10-05,1.0796
2009-10-04,1.0793
2009-10-03,1.085
2009-10-02,1.0731
2009-10-01,1.0768
2009-09-30,1.0856
2009-09-29,1.0929
2009-09-28,1.0905
2009-09-27,1.0905
2009-09-26,1.0906
2009-09-25,1.0785
2009-09-24,1.0693
2009-09-23,1.0719
2009-09-22,1.0747
2009-09-21,1.0687
2009-09-20,1.0687
2009-09-19,1.0691
2009-09-18,1.0644
2009-09-17,1.0697
2009-09-16,1.0812
2009-09-15,1.0844
2009-09-14,1.0762
2009-09-13,1.0762
2009-09-12,1.0765
2009-09-11,1.0807
2009-09-10,1.0788
2009-09-09,1.0754
2009-09-08,1.0803
2009-09-07,1.0881
2009-09-06,1.0883
2009-09-05,1.0959
2009-09-04,1.1027
2009-09-03,1.1039
2009-09-02,1.0958
2009-09-01,1.0969
2009-08-31,1.091
2009-08-30,1.091
2009-08-29,1.0868
2009-08-28,1.0957
2009-08-27,1.0909
2009-08-26,1.0785
2009-08-25,1.0779
2009-08-24,1.0807
2009-08-23,1.0807
2009-08-22,1.0856
2009-08-21,1.0942
2009-08-20,1.1026
2009-08-19,1.1048
2009-08-18,1.1059
2009-08-17,1.0978
2009-08-16,1.0977
2009-08-15,1.0894
2009-08-14,1.0872
2009-08-13,1.0982
2009-08-12,1.0939
2009-08-11,1.0837
2009-08-10,1.0809
2009-08-09,1.0808
2009-08-08,1.0796
2009-08-07,1.0725
2009-08-06,1.0728
2009-08-05,1.0682
2009-08-04,1.0723
2009-08-03,1.0771
2009-08-02,1.0771
2009-08-01,1.0803
2009-07-31,1.0859
2009-07-30,1.0851
2009-07-29,1.081
2009-07-28,1.0832
2009-07-27,1.0862
2009-07-26,1.0862
2009-07-25,1.0867
2009-07-24,1.0956
2009-07-23,1.1037
2009-07-22,1.1061
2009-07-21,1.1077
2009-07-20,1.1132
2009-07-19,1.113
2009-07-18,1.1172
2009-07-17,1.1181
2009-07-16,1.1273
2009-07-15,1.1455
2009-07-14,1.1608
2009-07-13,1.1634
2009-07-12,1.1634
2009-07-11,1.1626
2009-07-10,1.1614
2009-07-09,1.1652
2009-07-08,1.1605
2009-07-07,1.1623
2009-07-06,1.1603
2009-07-05,1.1602
2009-07-04,1.1599
2009-07-03,1.1531
2009-07-02,1.1558
2009-07-01,1.1567
2009-06-30,1.1554
2009-06-29,1.1522
2009-06-28,1.1522
2009-06-27,1.1515
2009-06-26,1.1564
2009-06-25,1.1477
2009-06-24,1.1528
2009-06-23,1.1433
2009-06-22,1.134
2009-06-21,1.1339
2009-06-20,1.1313
2009-06-19,1.1311
2009-06-18,1.1341
2009-06-17,1.1312
2009-06-16,1.1272
2009-06-15,1.1185
2009-06-14,1.1185
2009-06-13,1.112
2009-06-12,1.1032
2009-06-11,1.1044
2009-06-10,1.1095
2009-06-09,1.1198
2009-06-08,1.1185
2009-06-07,1.1185
2009-06-06,1.1045
2009-06-05,1.1058
2009-06-04,1.0883
2009-06-03,1.0879
2009-06-02,1.0865
2009-06-01,1.0912
2009-05-31,1.0913
2009-05-30,1.0994
2009-05-29,1.1185
2009-05-28,1.1145
2009-05-27,1.1253
2009-05-26,1.124
2009-05-25,1.119
2009-05-24,1.1189
2009-05-23,1.1291
2009-05-22,1.1407
2009-05-21,1.1504
2009-05-20,1.1594
2009-05-19,1.1721
2009-05-18,1.1772
2009-05-17,1.1771
2009-05-16,1.1728
2009-05-15,1.1734
2009-05-14,1.1624
2009-05-13,1.1634
2009-05-12,1.154
2009-05-11,1.1493
2009-05-10,1.1493
2009-05-09,1.1607
2009-05-08,1.169
2009-05-07,1.1752
2009-05-06,1.1736
2009-05-05,1.1821
2009-05-04,1.185
2009-05-03,1.185
2009-05-02,1.1897
2009-05-01,1.1957
2009-04-30,1.21
2009-04-29,1.2206
2009-04-28,1.2147
2009-04-27,1.2091
2009-04-26,1.21
2009-04-25,1.2188
2009-04-24,1.2354
2009-04-23,1.2385
2009-04-22,1.2383
2009-04-21,1.2234
2009-04-20,1.2127
2009-04-19,1.2127
2009-04-18,1.2117
2009-04-17,1.2052
2009-04-16,1.2128
2009-04-15,1.2178
2009-04-14,1.2241
2009-04-13,1.2251
2009-04-12,1.2253
2009-04-11,1.2263
2009-04-10,1.2325
2009-04-09,1.2382
2009-04-08,1.2411
2009-04-07,1.2308
2009-04-06,1.2292
2009-04-05,1.2292
2009-04-04,1.2376
2009-04-03,1.2512
2009-04-02,1.2649
2009-04-01,1.257
2009-03-31,1.2489
2009-03-30,1.2413
2009-03-29,1.2413
2009-03-28,1.2325
2009-03-27,1.2296
2009-03-26,1.23
2009-03-25,1.2235
2009-03-24,1.2337
2009-03-23,1.2401
2009-03-22,1.2401
2009-03-21,1.2387
2009-03-20,1.2408
2009-03-19,1.2675
2009-03-18,1.271
2009-03-17,1.2711
2009-03-16,1.2712
2009-03-15,1.2713
2009-03-14,1.2745
2009-03-13,1.287
2009-03-12,1.2825
2009-03-11,1.2902
2009-03-10,1.2899
2009-03-09,1.2867
2009-03-08,1.2868
2009-03-07,1.2842
2009-03-06,1.2805
2009-03-05,1.2891
2009-03-04,1.289
2009-03-03,1.281
2009-03-02,1.2762
2009-03-01,1.2759
2009-02-28,1.2595
2009-02-27,1.2514
2009-02-26,1.2465
2009-02-25,1.2484
2009-02-24,1.2485
2009-02-23,1.2514
2009-02-22,1.2514
2009-02-21,1.2577
2009-02-20,1.2554
2009-02-19,1.2616
2009-02-18,1.2549
2009-02-17,1.243
2009-02-16,1.2352
2009-02-15,1.2348
2009-02-14,1.2389
2009-02-13,1.2439
2009-02-12,1.2442
2009-02-11,1.2258
2009-02-10,1.2222
2009-02-09,1.2189
2009-02-08,1.2189
2009-02-07,1.2367
2009-02-06,1.2306
2009-02-05,1.2324
2009-02-04,1.2422
2009-02-03,1.2357
2009-02-02,1.229
2009-02-01,1.229
2009-01-31,1.2302
2009-01-30,1.2175
2009-01-29,1.2203
2009-01-28,1.2239
2009-01-27,1.2281
2009-01-26,1.2308
2009-01-25,1.2307
2009-01-24,1.2527
2009-01-23,1.2593
2009-01-22,1.2645
2009-01-21,1.2593
2009-01-20,1.245
2009-01-19,1.2426
2009-01-18,1.2428
2009-01-17,1.2457
2009-01-16,1.2491
2009-01-15,1.2259
2009-01-14,1.2222
2009-01-13,1.1973
2009-01-12,1.1852
2009-01-11,1.1852
2009-01-10,1.1856
2009-01-09,1.1942
2009-01-08,1.1851
2009-01-07,1.1883
2009-01-06,1.2062
2009-01-05,1.2039
2009-01-04,1.2039
2009-01-03,1.2186
2009-01-02,1.2195
2009-01-01,1.2184
2008-12-31,1.222
2008-12-30,1.2155
2008-12-29,1.2209
2008-12-28,1.2209
2008-12-27,1.2176
2008-12-26,1.2148
2008-12-25,1.216
2008-12-24,1.2185
2008-12-23,1.2129
2008-12-22,1.2146
2008-12-21,1.215
2008-12-20,1.2147
2008-12-19,1.1925
2008-12-18,1.2034
2008-12-17,1.2306
2008-12-16,1.2367
2008-12-15,1.248
2008-12-14,1.2467
2008-12-13,1.2446
2008-12-12,1.2457
2008-12-11,1.2586
2008-12-10,1.2565
2008-12-09,1.261
2008-12-08,1.2696
2008-12-07,1.2699
2008-12-06,1.2819
2008-12-05,1.2594
2008-12-04,1.2535
2008-12-03,1.2452
2008-12-02,1.2409
2008-12-01,1.2387
2008-11-30,1.2387
2008-11-29,1.236
2008-11-28,1.2296
2008-11-27,1.2293
2008-11-26,1.2348
2008-11-25,1.2612
2008-11-24,1.266
2008-11-23,1.2668
2008-11-22,1.2854
2008-11-21,1.2616
2008-11-20,1.2345
2008-11-19,1.2288
2008-11-18,1.232
2008-11-17,1.236
2008-11-16,1.2353
2008-11-15,1.2185
2008-11-14,1.2346
2008-11-13,1.2108
2008-11-12,1.1965
2008-11-11,1.1797
2008-11-10,1.1884
2008-11-09,1.1886
2008-11-08,1.1922
2008-11-07,1.1733
2008-11-06,1.1558
2008-11-05,1.1748
2008-11-04,1.1969
2008-11-03,1.2104
2008-11-02,1.2104
2008-11-01,1.2176
2008-10-31,1.2083
2008-10-30,1.2598
2008-10-29,1.2922
2008-10-28,1.2821
2008-10-27,1.2767
2008-10-26,1.2777
2008-10-25,1.2702
2008-10-24,1.2589
2008-10-23,1.2329
2008-10-22,1.2007
2008-10-21,1.1843
2008-10-20,1.1805
2008-10-19,1.1807
2008-10-18,1.1828
2008-10-17,1.1897
2008-10-16,1.1668
2008-10-15,1.1448
2008-10-14,1.1665
2008-10-13,1.1724
2008-10-12,1.1731
2008-10-11,1.1729
2008-10-10,1.129
2008-10-09,1.1093
2008-10-08,1.1016
2008-10-07,1.0911
2008-10-06,1.0822
2008-10-05,1.0821
2008-10-04,1.0784
2008-10-03,1.068
2008-10-02,1.0611
2008-10-01,1.0508
2008-09-30,1.0378
2008-09-29,1.0332
2008-09-28,1.0332
2008-09-27,1.0342
2008-09-26,1.0352
2008-09-25,1.0349
2008-09-24,1.0347
2008-09-23,1.0439
2008-09-22,1.0456
2008-09-21,1.0457
2008-09-20,1.057
2008-09-19,1.067
2008-09-18,1.0691
2008-09-17,1.0705
2008-09-16,1.0652
2008-09-15,1.0596
2008-09-14,1.0597
2008-09-13,1.0695
2008-09-12,1.0752
2008-09-11,1.0694
2008-09-10,1.0655
2008-09-09,1.0613
2008-09-08,1.0619
2008-09-07,1.0619
2008-09-06,1.067
2008-09-05,1.0614
2008-09-04,1.0685
2008-09-03,1.0692
2008-09-02,1.0656
2008-09-01,1.0634
2008-08-31,1.0635
2008-08-30,1.0534
2008-08-29,1.0468
2008-08-28,1.046
2008-08-27,1.0504
2008-08-26,1.0485
2008-08-25,1.0466
2008-08-24,1.0467
2008-08-23,1.045
2008-08-22,1.0549
2008-08-21,1.0618
2008-08-20,1.064
2008-08-19,1.0592
2008-08-18,1.0587
2008-08-17,1.0587
2008-08-16,1.0646
2008-08-15,1.0621
2008-08-14,1.0655
2008-08-13,1.0678
2008-08-12,1.0665
2008-08-11,1.0661
2008-08-10,1.0661
2008-08-09,1.0592
2008-08-08,1.0482
2008-08-07,1.0439
2008-08-06,1.0405
2008-08-05,1.0294
2008-08-04,1.0267
2008-08-03,1.0268
2008-08-02,1.0268
2008-08-01,1.0234
2008-07-31,1.0235
2008-07-30,1.0229
2008-07-29,1.0199
2008-07-28,1.0192
2008-07-27,1.0192
2008-07-26,1.0156
2008-07-25,1.0104
2008-07-24,1.0087
2008-07-23,1.0032
2008-07-22,1.0047
2008-07-21,1.0053
2008-07-20,1.0053
2008-07-19,1.0054
2008-07-18,1.0016
2008-07-17,1.0016
2008-07-16,1.0028
2008-07-15,1.0082
2008-07-14,1.0087
2008-07-13,1.0088
2008-07-12,1.0101
2008-07-11,1.0111
2008-07-10,1.0156
2008-07-09,1.0186
2008-07-08,1.0194
2008-07-07,1.0191
2008-07-06,1.0191
2008-07-05,1.0171
2008-07-04,1.0153
2008-07-03,1.0186
2008-07-02,1.0194
2008-07-01,1.0116
2008-06-30,1.0101
2008-06-29,1.0101
2008-06-28,1.0107
2008-06-27,1.0101
2008-06-26,1.0118
2008-06-25,1.0151
2008-06-24,1.0159
2008-06-23,1.0161
2008-06-22,1.0161
2008-06-21,1.0158
2008-06-20,1.0158
2008-06-19,1.0186
2008-06-18,1.0211
2008-06-17,1.0265
2008-06-16,1.0291
2008-06-15,1.0291
2008-06-14,1.026
2008-06-13,1.0222
2008-06-12,1.0205
2008-06-11,1.0245
2008-06-10,1.0194
2008-06-09,1.019
2008-06-08,1.0182
2008-06-07,1.0182
2008-06-06,1.0174
2008-06-05,1.0105
2008-06-04,1.0022
2008-06-03,0.9967
2008-06-02,0.9929
2008-06-01,0.9929
2008-05-31,0.9918
2008-05-30,0.9889
2008-05-29,0.993
2008-05-28,0.9911
2008-05-27,0.9889
2008-05-26,0.9894
2008-05-25,0.9894
2008-05-24,0.9866
2008-05-23,0.9845
2008-05-22,0.9882
2008-05-21,0.9915
2008-05-20,0.9958
2008-05-19,0.9987
2008-05-18,0.9988
2008-05-17,0.9995
2008-05-16,1.0024
2008-05-15,1.0029
2008-05-14,1.0051
2008-05-13,1.0064
2008-05-12,1.0048
2008-05-11,1.0048
2008-05-10,1.0111
2008-05-09,1.0115
2008-05-08,1.0033
2008-05-07,1.0094
2008-05-06,1.017
2008-05-05,1.0189
2008-05-04,1.0189
2008-05-03,1.0186
2008-05-02,1.0116
2008-05-01,1.0106
2008-04-30,1.0131
2008-04-29,1.0118
2008-04-28,1.0133
2008-04-27,1.0134
2008-04-26,1.0156
2008-04-25,1.0172
2008-04-24,1.0113
2008-04-23,1.0071
2008-04-22,1.0052
2008-04-21,1.0037
2008-04-20,1.0038
2008-04-19,1.0083
2008-04-18,1.0042
2008-04-17,1.011
2008-04-16,1.0195
2008-04-15,1.0235
2008-04-14,1.0227
2008-04-13,1.0227
2008-04-12,1.0188
2008-04-11,1.0181
2008-04-10,1.0158
2008-04-09,1.0133
2008-04-08,1.0131
2008-04-07,1.008
2008-04-06,1.008
2008-04-05,1.0067
2008-04-04,1.0124
2008-04-03,1.0201
2008-04-02,1.025
2008-04-01,1.0236
2008-03-31,1.0221
2008-03-30,1.0221
2008-03-29,1.0171
2008-03-28,1.0176
2008-03-27,1.0168
2008-03-26,1.0165
2008-03-25,1.0251
2008-03-24,1.0228
2008-03-23,1.0228
2008-03-22,1.0235
2008-03-21,1.0193
2008-03-20,0.9956
2008-03-19,0.9947
2008-03-18,0.9924
2008-03-17,0.9889
2008-03-16,0.9887
2008-03-15,0.9854
2008-03-14,0.9874
2008-03-13,0.9902
2008-03-12,0.9941
2008-03-11,0.9903
2008-03-10,0.9903
2008-03-09,0.9903
2008-03-08,0.9846
2008-03-07,0.9853
2008-03-06,0.9923
2008-03-05,0.9908
2008-03-04,0.9858
2008-03-03,0.9872
2008-03-02,0.9871
2008-03-01,0.9782
2008-02-29,0.9785
2008-02-28,0.9802
2008-02-27,0.9929
2008-02-26,1.007
2008-02-25,1.0122
2008-02-24,1.0123
2008-02-23,1.0119
2008-02-22,1.0117
2008-02-21,1.0157
2008-02-20,1.0082
2008-02-19,1.0072
2008-02-18,1.0065
2008-02-17,1.0065
2008-02-16,0.9998
2008-02-15,0.9971
2008-02-14,1.0
2008-02-13,1.0005
2008-02-12,0.9996
2008-02-11,0.9985
2008-02-10,0.9984
2008-02-09,1.0054
2008-02-08,1.0076
2008-02-07,1.0061
2008-02-06,0.9984
2008-02-05,0.9951
2008-02-04,0.9947
2008-02-03,0.9946
2008-02-02,0.9996
2008-02-01,0.9972
2008-01-31,0.9966
2008-01-30,1.0018
2008-01-29,1.0079
2008-01-28,1.0076
2008-01-27,1.0075
2008-01-26,1.0057
2008-01-25,1.0185
2008-01-24,1.0278
2008-01-23,1.0319
2008-01-22,1.0294
2008-01-21,1.0267
2008-01-20,1.0268
2008-01-19,1.0276
2008-01-18,1.0239
2008-01-17,1.0209
2008-01-16,1.0167
2008-01-15,1.0181
2008-01-14,1.0185
2008-01-13,1.0185
2008-01-12,1.0129
2008-01-11,1.0099
2008-01-10,1.0052
2008-01-09,1.002
2008-01-08,1.0025
2008-01-07,1.0024
2008-01-06,1.0023
2008-01-05,0.991
2008-01-04,0.9928
2008-01-03,0.9907
2008-01-02,0.9974
2008-01-01,0.9814
2007-12-31,0.981
2007-12-30,0.981
2007-12-29,0.9802
2007-12-28,0.9811
2007-12-27,0.9843
2007-12-26,0.9851
2007-12-25,0.99
2007-12-24,0.9913
2007-12-23,0.9913
2007-12-22,0.9973
2007-12-21,1.001
2007-12-20,1.0053
2007-12-19,1.0065
2007-12-18,1.0145
2007-12-17,1.0167
2007-12-16,1.0168
2007-12-15,1.019
2007-12-14,1.0144
2007-12-13,1.0112
2007-12-12,1.008
2007-12-11,1.0059
2007-12-10,1.0048
2007-12-09,1.0048
2007-12-08,1.0081
2007-12-07,1.0135
2007-12-06,1.0143
2007-12-05,1.0046
2007-12-04,1.0004
2007-12-03,0.9983
2007-12-02,0.9998
2007-12-01,0.9972
2007-11-30,0.9897
2007-11-29,0.9948
2007-11-28,0.9909
2007-11-27,0.9851
2007-11-26,0.9889
2007-11-25,0.989
2007-11-24,0.9849
2007-11-23,0.9843
2007-11-22,0.9834
2007-11-21,0.9824
2007-11-20,0.9763
2007-11-19,0.973
2007-11-18,0.9728
2007-11-17,0.9816
2007-11-16,0.9689
2007-11-15,0.9577
2007-11-14,0.9627
2007-11-13,0.9521
2007-11-12,0.9443
2007-11-11,0.9441
2007-11-10,0.9341
2007-11-09,0.9296
2007-11-08,0.9141
2007-11-07,0.9292
2007-11-06,0.9344
2007-11-05,0.9345
2007-11-04,0.9345
2007-11-03,0.9438
2007-11-02,0.946
2007-11-01,0.9525
2007-10-31,0.9544
2007-10-30,0.9585
2007-10-29,0.9616
2007-10-28,0.9616
2007-10-27,0.9635
2007-10-26,0.9673
2007-10-25,0.9681
2007-10-24,0.9722
2007-10-23,0.9728
2007-10-22,0.9663
2007-10-21,0.9663
2007-10-20,0.9705
2007-10-19,0.9741
2007-10-18,0.9781
2007-10-17,0.9777
2007-10-16,0.9734
2007-10-15,0.9714
2007-10-14,0.9713
2007-10-13,0.9763
2007-10-12,0.9785
2007-10-11,0.9815
2007-10-10,0.9863
2007-10-09,0.9833
2007-10-08,0.9801
2007-10-07,0.9801
2007-10-06,0.9915
2007-10-05,0.9985
2007-10-04,0.9968
2007-10-03,0.9954
2007-10-02,0.9929
2007-10-01,0.9919
2007-09-30,0.9919
2007-09-29,0.9987
2007-09-28,1.0025
2007-09-27,1.0054
2007-09-26,1.0027
2007-09-25,0.9997
2007-09-24,1.0004
2007-09-23,1.0004
2007-09-22,0.9998
2007-09-21,1.0087
2007-09-20,1.0131
2007-09-19,1.0251
2007-09-18,1.0287
2007-09-17,1.0294
2007-09-16,1.0294
2007-09-15,1.0326
2007-09-14,1.0349
2007-09-13,1.0407
2007-09-12,1.048
2007-09-11,1.0556
2007-09-10,1.0547
2007-09-09,1.0547
2007-09-08,1.0523
2007-09-07,1.0535
2007-09-06,1.0515
2007-09-05,1.0527
2007-09-04,1.0535
2007-09-03,1.0553
2007-09-02,1.0553
2007-09-01,1.0557
2007-08-31,1.0606
2007-08-30,1.0632
2007-08-29,1.0572
2007-08-28,1.0505
2007-08-27,1.0515
2007-08-26,1.0515
2007-08-25,1.0528
2007-08-24,1.057
2007-08-23,1.0623
2007-08-22,1.059
2007-08-21,1.0592
2007-08-20,1.0595
2007-08-19,1.0595
2007-08-18,1.0713
2007-08-17,1.0793
2007-08-16,1.0727
2007-08-15,1.0584
2007-08-14,1.0531
2007-08-13,1.0527
2007-08-12,1.0527
2007-08-11,1.0565
2007-08-10,1.0519
2007-08-09,1.0524
2007-08-08,1.054
2007-08-07,1.0551
2007-08-06,1.0564
2007-08-05,1.0564
2007-08-04,1.0538
2007-08-03,1.0559
2007-08-02,1.0646
2007-08-01,1.0642
2007-07-31,1.0663
2007-07-30,1.0637
2007-07-29,1.0637
2007-07-28,1.0568
2007-07-27,1.0451
2007-07-26,1.0382
2007-07-25,1.0434
2007-07-24,1.0457
2007-07-23,1.0482
2007-07-22,1.0482
2007-07-21,1.0441
2007-07-20,1.0439
2007-07-19,1.0433
2007-07-18,1.0435
2007-07-17,1.0456
2007-07-16,1.0471
2007-07-15,1.0471
2007-07-14,1.0464
2007-07-13,1.0513
2007-07-12,1.0559
2007-07-11,1.0502
2007-07-10,1.0477
2007-07-09,1.049
2007-07-08,1.049
2007-07-07,1.0535
2007-07-06,1.0576
2007-07-05,1.0588
2007-07-04,1.0574
2007-07-03,1.0598
2007-07-02,1.0642
2007-07-01,1.0646
2007-06-30,1.059
2007-06-29,1.0661
2007-06-28,1.071
2007-06-27,1.0702
2007-06-26,1.0701
2007-06-25,1.0675
2007-06-24,1.0675
2007-06-23,1.0725
2007-06-22,1.0686
2007-06-21,1.064
2007-06-20,1.0688
2007-06-19,1.0701
2007-06-18,1.0673
2007-06-17,1.0673
2007-06-16,1.0664
2007-06-15,1.0672
2007-06-14,1.0682
2007-06-13,1.0613
2007-06-12,1.0615
2007-06-11,1.0603
2007-06-10,1.0603
2007-06-09,1.0632
2007-06-08,1.0588
2007-06-07,1.0601
2007-06-06,1.059
2007-06-05,1.0589
2007-06-04,1.0603
2007-06-03,1.0604
2007-06-02,1.0673
2007-06-01,1.0716
2007-05-31,1.0731
2007-05-30,1.0786
2007-05-29,1.0799
2007-05-28,1.0799
2007-05-27,1.0798
2007-05-26,1.0831
2007-05-25,1.083
2007-05-24,1.0854
2007-05-23,1.0851
2007-05-22,1.0868
2007-05-21,1.0882
2007-05-20,1.0882
2007-05-19,1.0954
2007-05-18,1.1017
2007-05-17,1.1
2007-05-16,1.1032
2007-05-15,1.1092
2007-05-14,1.1101
2007-05-13,1.1101
2007-05-12,1.1121
2007-05-11,1.1071
2007-05-10,1.1061
2007-05-09,1.1025
2007-05-08,1.1045
2007-05-07,1.1072
2007-05-06,1.1072
2007-05-05,1.1066
2007-05-04,1.1076
2007-05-03,1.1106
2007-05-02,1.109
2007-05-01,1.1138
2007-04-30,1.1159
2007-04-29,1.1159
2007-04-28,1.1189
2007-04-27,1.117
2007-04-26,1.1195
2007-04-25,1.122
2007-04-24,1.1228
2007-04-23,1.1233
2007-04-22,1.1233
2007-04-21,1.1268
2007-04-20,1.1281
2007-04-19,1.1296
2007-04-18,1.1314
2007-04-17,1.1339
2007-04-16,1.1374
2007-04-15,1.1374
2007-04-14,1.135
2007-04-13,1.1384
2007-04-12,1.1456
2007-04-11,1.1495
2007-04-10,1.1513
2007-04-09,1.1508
2007-04-08,1.1508
2007-04-07,1.1512
2007-04-06,1.1556
2007-04-05,1.1577
2007-04-04,1.1566
2007-04-03,1.154
2007-04-02,1.1535
2007-04-01,1.1535
2007-03-31,1.1554
2007-03-30,1.1589
2007-03-29,1.1578
2007-03-28,1.1586
2007-03-27,1.1617
2007-03-26,1.1603
2007-03-25,1.1603
2007-03-24,1.158
2007-03-23,1.1568
2007-03-22,1.1604
2007-03-21,1.1723
2007-03-20,1.1761
2007-03-19,1.1755
2007-03-18,1.1754
2007-03-17,1.1749
2007-03-16,1.1752
2007-03-15,1.1746
2007-03-14,1.1705
2007-03-13,1.171
2007-03-12,1.1718
2007-03-11,1.1718
2007-03-10,1.1773
2007-03-09,1.1786
2007-03-08,1.1766
2007-03-07,1.1782
2007-03-06,1.1784
2007-03-05,1.1777
2007-03-04,1.1781
2007-03-03,1.1734
2007-03-02,1.17
2007-03-01,1.1678
2007-02-28,1.1609
2007-02-27,1.1592
2007-02-26,1.1593
2007-02-25,1.1593
2007-02-24,1.1606
2007-02-23,1.161
2007-02-22,1.1675
2007-02-21,1.1656
2007-02-20,1.164
2007-02-19,1.1628
2007-02-18,1.1628
2007-02-17,1.1636
2007-02-16,1.1646
2007-02-15,1.1669
2007-02-14,1.1728
2007-02-13,1.1734
2007-02-12,1.1716
2007-02-11,1.1716
2007-02-10,1.1804
2007-02-09,1.185
2007-02-08,1.1827
2007-02-07,1.1823
2007-02-06,1.184
2007-02-05,1.1838
2007-02-04,1.1839
2007-02-03,1.1808
2007-02-02,1.1769
2007-02-01,1.18
2007-01-31,1.1821
2007-01-30,1.1808
2007-01-29,1.1793
2007-01-28,1.1793
2007-01-27,1.1819
2007-01-26,1.1781
2007-01-25,1.1807
2007-01-24,1.1816
2007-01-23,1.1742
2007-01-22,1.1719
2007-01-21,1.1719
2007-01-20,1.1731
2007-01-19,1.1737
2007-01-18,1.1749
2007-01-17,1.1688
2007-01-16,1.1685
2007-01-15,1.17
2007-01-14,1.1699
2007-01-13,1.1745
2007-01-12,1.1749
2007-01-11,1.1768
2007-01-10,1.1754
2007-01-09,1.1741
2007-01-08,1.1727
2007-01-07,1.1727
2007-01-06,1.1765
2007-01-05,1.1735
2007-01-04,1.1668
2007-01-03,1.1642
2007-01-02,1.1654
2007-01-01,1.1654
2006-12-31,1.1654
2006-12-30,1.1654
2006-12-29,1.1654
2006-12-28,1.16
2006-12-27,1.1612
2006-12-26,1.1574
2006-12-25,1.1574
2006-12-24,1.1574
2006-12-23,1.1574
2006-12-22,1.1574
2006-12-21,1.1537
2006-12-20,1.1486
2006-12-19,1.1558
2006-12-18,1.1574
2006-12-17,1.1574
2006-12-16,1.1574
2006-12-15,1.1574
2006-12-14,1.1567
2006-12-13,1.1545
2006-12-12,1.1547
2006-12-11,1.1474
2006-12-10,1.1474
2006-12-09,1.1474
2006-12-08,1.1501
2006-12-07,1.1481
2006-12-06,1.1469
2006-12-05,1.1417
2006-12-04,1.1453
2006-12-03,1.1453
2006-12-02,1.1453
2006-12-01,1.1446
2006-11-30,1.1416
2006-11-29,1.136
2006-11-28,1.1311
2006-11-27,1.133
2006-11-26,1.133
2006-11-25,1.133
2006-11-24,1.1346
2006-11-23,1.1418
2006-11-22,1.1413
2006-11-21,1.1474
2006-11-20,1.1473
2006-11-19,1.1473
2006-11-18,1.1473
2006-11-17,1.1459
2006-11-16,1.1404
2006-11-15,1.139
2006-11-14,1.1395
2006-11-13,1.1307
2006-11-12,1.1307
2006-11-11,1.1307
2006-11-10,1.1307
2006-11-09,1.1292
2006-11-08,1.1276
2006-11-07,1.1276
2006-11-06,1.1293
2006-11-05,1.1293
2006-11-04,1.1293
2006-11-03,1.1291
2006-11-02,1.1362
2006-11-01,1.1315
2006-10-31,1.1227
2006-10-30,1.1235
2006-10-29,1.1235
2006-10-28,1.1235
2006-10-27,1.1188
2006-10-26,1.1254
2006-10-25,1.1249
2006-10-24,1.1271
2006-10-23,1.1282
2006-10-22,1.1282
2006-10-21,1.1282
2006-10-20,1.1251
2006-10-19,1.1319
2006-10-18,1.1379
2006-10-17,1.138
2006-10-16,1.1386
2006-10-15,1.1386
2006-10-14,1.1386
2006-10-13,1.1368
2006-10-12,1.1357
2006-10-11,1.1358
2006-10-10,1.1319
2006-10-09,1.1264
2006-10-08,1.1264
2006-10-07,1.1264
2006-10-06,1.1264
2006-10-05,1.1269
2006-10-04,1.1287
2006-10-03,1.1211
2006-10-02,1.1154
2006-10-01,1.1154
2006-09-30,1.1154
2006-09-29,1.1153
2006-09-28,1.1109
2006-09-27,1.1151
2006-09-26,1.1159
2006-09-25,1.1162
2006-09-24,1.1162
2006-09-23,1.1162
2006-09-22,1.1172
2006-09-21,1.1194
2006-09-20,1.1273
2006-09-19,1.1232
2006-09-18,1.1171
2006-09-17,1.1171
2006-09-16,1.1171
2006-09-15,1.1194
2006-09-14,1.1159
2006-09-13,1.1191
2006-09-12,1.1186
2006-09-11,1.1218
2006-09-10,1.1218
2006-09-09,1.1218
2006-09-08,1.1189
2006-09-07,1.1099
2006-09-06,1.1053
2006-09-05,1.111
2006-09-04,1.1056
2006-09-03,1.1056
2006-09-02,1.1056
2006-09-01,1.1056
2006-08-31,1.1066
2006-08-30,1.11
2006-08-29,1.1105
2006-08-28,1.112
2006-08-27,1.112
2006-08-26,1.112
2006-08-25,1.108
2006-08-24,1.1111
2006-08-23,1.1101
2006-08-22,1.1154
2006-08-21,1.1184
2006-08-20,1.1184
2006-08-19,1.1184
2006-08-18,1.1233
2006-08-17,1.1164
2006-08-16,1.1161
2006-08-15,1.1221
2006-08-14,1.124
2006-08-13,1.124
2006-08-12,1.124
2006-08-11,1.1204
2006-08-10,1.1263
2006-08-09,1.1199
2006-08-08,1.1204
2006-08-07,1.127
2006-08-06,1.127
2006-08-05,1.127
2006-08-04,1.127
2006-08-03,1.1263
2006-08-02,1.1259
2006-08-01,1.1315
2006-07-31,1.1308
2006-07-30,1.1308
2006-07-29,1.1308
2006-07-28,1.1298
2006-07-27,1.1346
2006-07-26,1.1378
2006-07-25,1.1414
2006-07-24,1.1416
2006-07-23,1.1416
2006-07-22,1.1416
2006-07-21,1.1375
2006-07-20,1.134
2006-07-19,1.1353
2006-07-18,1.1337
2006-07-17,1.1322
2006-07-16,1.1322
2006-07-15,1.1322
2006-07-14,1.1274
2006-07-13,1.1319
2006-07-12,1.1355
2006-07-11,1.1338
2006-07-10,1.1246
2006-07-09,1.1246
2006-07-08,1.1246
2006-07-07,1.1135
2006-07-06,1.1117
2006-07-05,1.1117
2006-07-04,1.1061
2006-07-03,1.115
2006-07-02,1.115
2006-07-01,1.115
2006-06-30,1.115
2006-06-29,1.1159
2006-06-28,1.1245
2006-06-27,1.1213
2006-06-26,1.1238
2006-06-25,1.1238
2006-06-24,1.1238
2006-06-23,1.1241
2006-06-22,1.1174
2006-06-21,1.1042
2006-06-20,1.1163
2006-06-19,1.1228
2006-06-18,1.1228
2006-06-17,1.1228
2006-06-16,1.1226
2006-06-15,1.1177
2006-06-14,1.1122
2006-06-13,1.1079
2006-06-12,1.099
2006-06-11,1.099
2006-06-10,1.099
2006-06-09,1.1072
2006-06-08,1.1232
2006-06-07,1.1116
2006-06-06,1.1152
2006-06-05,1.1012
2006-06-04,1.1012
2006-06-03,1.1012
2006-06-02,1.1004
2006-06-01,1.1008
2006-05-31,1.1028
2006-05-30,1.0996
2006-05-29,1.105
2006-05-28,1.105
2006-05-27,1.105
2006-05-26,1.1073
2006-05-25,1.1073
2006-05-24,1.1228
2006-05-23,1.1176
2006-05-22,1.1233
2006-05-21,1.1233
2006-05-20,1.1233
2006-05-19,1.1233
2006-05-18,1.1213
2006-05-17,1.1125
2006-05-16,1.1112
2006-05-15,1.114
2006-05-14,1.114
2006-05-13,1.114
2006-05-12,1.1085
2006-05-11,1.099
2006-05-10,1.1007
2006-05-09,1.102
2006-05-08,1.1117
2006-05-07,1.1117
2006-05-06,1.1117
2006-05-05,1.1072
2006-05-04,1.1068
2006-05-03,1.1072
2006-05-02,1.1069
2006-05-01,1.1133
2006-04-30,1.1133
2006-04-29,1.1133
2006-04-28,1.1203
2006-04-27,1.1235
2006-04-26,1.127
2006-04-25,1.1316
2006-04-24,1.1373
2006-04-23,1.1373
2006-04-22,1.1373
2006-04-21,1.1373
2006-04-20,1.1388
2006-04-19,1.1364
2006-04-18,1.1419
2006-04-17,1.1453
2006-04-16,1.1453
2006-04-15,1.1453
2006-04-14,1.1519
2006-04-13,1.1519
2006-04-12,1.1478
2006-04-11,1.1457
2006-04-10,1.1467
2006-04-09,1.1467
2006-04-08,1.1467
2006-04-07,1.1467
2006-04-06,1.1534
2006-04-05,1.1618
2006-04-04,1.1662
2006-04-03,1.1719
2006-04-02,1.1719
2006-04-01,1.1719
2006-03-31,1.1671
2006-03-30,1.1627
2006-03-29,1.1723
2006-03-28,1.1699
2006-03-27,1.1686
2006-03-26,1.1686
2006-03-25,1.1686
2006-03-24,1.1674
2006-03-23,1.1659
2006-03-22,1.1654
2006-03-21,1.1647
2006-03-20,1.1628
2006-03-19,1.1628
2006-03-18,1.1628
2006-03-17,1.1587
2006-03-16,1.1537
2006-03-15,1.1553
2006-03-14,1.155
2006-03-13,1.1618
2006-03-12,1.1618
2006-03-11,1.1618
2006-03-10,1.1605
2006-03-09,1.1596
2006-03-08,1.1574
2006-03-07,1.1471
2006-03-06,1.1403
2006-03-05,1.1403
2006-03-04,1.1403
2006-03-03,1.1352
2006-03-02,1.1322
2006-03-01,1.1369
2006-02-28,1.138
2006-02-27,1.1419
2006-02-26,1.1419
2006-02-25,1.1419
2006-02-24,1.1518
2006-02-23,1.1513
2006-02-22,1.1482
2006-02-21,1.1464
2006-02-20,1.148
2006-02-19,1.148
2006-02-18,1.148
2006-02-17,1.1522
2006-02-16,1.1578
2006-02-15,1.1541
2006-02-14,1.1547
2006-02-13,1.1547
2006-02-12,1.1547
2006-02-11,1.1547
2006-02-10,1.1542
2006-02-09,1.1453
2006-02-08,1.1535
2006-02-07,1.1492
2006-02-06,1.1457
2006-02-05,1.1457
2006-02-04,1.1457
2006-02-03,1.1471
2006-02-02,1.1432
2006-02-01,1.1403
2006-01-31,1.1439
2006-01-30,1.1443
2006-01-29,1.1443
2006-01-28,1.1443
2006-01-27,1.1474
2006-01-26,1.1504
2006-01-25,1.1482
2006-01-24,1.1549
2006-01-23,1.1511
2006-01-22,1.1511
2006-01-21,1.1511
2006-01-20,1.1534
2006-01-19,1.1656
2006-01-18,1.1726
2006-01-17,1.1643
2006-01-16,1.1578
2006-01-15,1.1578
2006-01-14,1.1578
2006-01-13,1.1613
2006-01-12,1.1625
2006-01-11,1.1579
2006-01-10,1.1628
2006-01-09,1.1692
2006-01-08,1.1692
2006-01-07,1.1692
2006-01-06,1.1648
2006-01-05,1.1617
2006-01-04,1.1515
2006-01-03,1.1571
2006-01-02,1.1571
